id,label,value,source,leaning
1,100monkeystyping.com,0,Blogarama,liberal
2,12thharmonic.com/wordpress,0,BlogCatalog,liberal
3,40ozblog.blogspot.com,0,"Blogarama,BlogCatalog",liberal
4,4lina.tblog.com,0,Blogarama,liberal
5,750volts.blogspot.com,0,Blogarama,liberal
6,95theses.blogspot.com,0,Blogarama,liberal
7,abbadabbaduo.blogspot.com,0,"Blogarama,LeftyDirectory",liberal
8,aboutpolitics.blogspot.com,0,"Blogarama,eTalkingHead",liberal
9,achingandspinning.blogspot.com,0,Blogarama,liberal
10,ackackack.com,0,BlogCatalog,liberal
11,adamtalib.blogspot.com,0,Blogarama,liberal
12,adviceforlefty.blogspot.com,0,"Blogarama,BlogCatalog,CampaignLine",liberal
13,agonist.org,0,LeftyDirectory,liberal
14,aintnobaddude.com,0,"LeftyDirectory,CampaignLine",liberal
15,ajbenjaminjr.blogspot.com,0,LabeledManually,liberal
16,alicublog.blogspot.com,0,LeftyDirectory,liberal
17,allanjenkins.typepad.com,0,BlogCatalog,liberal
18,allspinzone.blogspot.com,0,Blogarama,liberal
19,alphapredator.com/wdtgw.htm,0,Blogarama,liberal
20,alternateworlds.blogspot.com,0,Blogarama,liberal
21,althippo.blogspot.com,0,Blogarama,liberal
22,alvintostig.typepad.com,0,eTalkingHead,liberal
23,americablog.blogspot.com,0,LabeledManually,liberal
24,americablog.org,0,"eTalkingHead,CampaignLine",liberal
25,americandreamslost.blogspot.com,0,Blogarama,liberal
26,americanmuslim.blogs.com,0,Blogarama,liberal
27,americanpolitics.com,0,CampaignLine,liberal
28,americansforbayh.blogspot.com,0,"Blogarama,CampaignLine",liberal
29,amleft.blogspot.com,0,"LeftyDirectory,LabeledManually",liberal
30,amliberal.com/blog,0,"Blogarama,BlogCatalog,eTalkingHead",liberal
31,amptoons.com/blog,0,LeftyDirectory,liberal
32,anarchyxero.robfindlay.org,0,Blogarama,liberal
33,andifeelfine.blogspot.com,0,BlogCatalog,liberal
34,andymatic.com,0,Blogarama,liberal
35,angrybear.blogspot.com,0,LabeledManually,liberal
36,angrydesi.typepad.com,0,eTalkingHead,liberal
37,angryfinger.org,0,CampaignLine,liberal
38,angryhomo.blogspot.com,0,Blogarama,liberal
39,annatopia.com/home.html,0,LeftyDirectory,liberal
40,anoldsoul.blogspot.com,0,LeftyDirectory,liberal
41,anonymoussources.blogspot.com,0,"Blogarama,LeftyDirectory",liberal
42,answerguy.blogspot.com,0,Blogarama,liberal
43,anybodybutbushyall.blogspot.com,0,Blogarama,liberal
44,anywhichway.net,0,Blogarama,liberal
45,arancaytar.blogspot.com,0,"BlogCatalog,eTalkingHead",liberal
46,archpundit.com,0,BlogPulse,liberal
47,arkansastonight.com,0,Blogarama,liberal
48,asian-nation.org/headlines/index.php,0,BlogCatalog,liberal
49,asiegeofherons.blogspot.com,0,Blogarama,liberal
50,asilentrevolution.blogspot.com,0,BlogCatalog,liberal
51,askhoudari.blogspot.com,0,Blogarama,liberal
52,astroturf.uni.cc,0,BlogCatalog,liberal
53,atease.blogspot.com,0,Blogarama,liberal
54,atomicairship.com,0,"Blogarama,eTalkingHead",liberal
55,atrios.blogspot.com,0,"BlogPulse,LeftyDirectory,CampaignLine",liberal
56,atrios.blogspot.com/ ,0,LabeledManually,liberal
57,aurelientt.blogspot.com,0,Blogarama,liberal
58,awards5.tripod.com/tarasblog,0,BlogCatalog,liberal
59,b-patton.blogspot.com,0,Blogarama,liberal
60,babylon.squarespace.com,0,Blogarama,liberal
61,badattitudes.com/mt,0,LeftyDirectory,liberal
62,bakshi.us/redskunk,0,Blogarama,liberal
63,barcidhomily.com,0,CampaignLine,liberal
64,barkingdingo.blogspot.com,0,"Blogarama,eTalkingHead",liberal
65,bartcop.com,0,CampaignLine,liberal
66,battleground-wisconsin.blogspot.com,0,"Blogarama,LabeledManually",liberal
67,battlegroundstates.blogspot.com,0,Blogarama,liberal
68,beastsbelly.blogspot.com,0,eTalkingHead,liberal
69,bentcorner.blogspot.com,0,BlogCatalog,liberal
70,bettyblog.com,0,CampaignLine,liberal
71,bigbloosky.blogspot.com,0,BlogCatalog,liberal
72,billmon.org,0,LeftyDirectory,liberal
73,billsrants.blogspot.com,0,Blogarama,liberal
74,blackwingleftbird.blogspot.com,0,Blogarama,liberal
75,blog.dccc.org,0,LabeledManually,liberal
76,blog.dennisfox.net,0,eTalkingHead,liberal
77,blog.glinka.com,0,Blogarama,liberal
78,blog.johnkerry.com,0,"BlogPulse,CampaignLine",liberal
79,blog.kenlan.net,0,Blogarama,liberal
80,blog.mintruth.com,0,Blogarama,liberal
81,blog.veggiedude.com,0,Blogarama,liberal
82,blog01.kintera.com/dnccblog,0,CampaignLine,liberal
83,blog01.kintera.com/emilysblog,0,CampaignLine,liberal
84,bloganonymous.com,0,CampaignLine,liberal
85,blogforamerica.com,0,"BlogPulse,LabeledManually,CampaignLine",liberal
86,blogforarizona.com,0,"LeftyDirectory,eTalkingHead",liberal
87,blogfreeordie.blogspot.com,0,Blogarama,liberal
88,blogitics.com,0,eTalkingHead,liberal
89,blogs.salon.com/0002874,0,LeftyDirectory,liberal
90,blogs.salon.com/0003364,0,Blogarama,liberal
91,blogs.salon.com/0004024,0,Blogarama,liberal
92,blogslut.com,0,eTalkingHead,liberal
93,blosteam.blogspot.com,0,Blogarama,liberal
94,blotts.org/polilog,0,Blogarama,liberal
95,bluegrassroots.blogspot.com,0,Blogarama,liberal
96,bluelemur.com,0,LeftyDirectory,liberal
97,blueoregon.com,0,CampaignLine,liberal
98,bluestateredstate.blogspot.com,0,BlogCatalog,liberal
99,bodyandsoul.typepad.com,0,"LeftyDirectory,LabeledManually",liberal
100,boffo.typepad.com,0,Blogarama,liberal
101,boloboffin.blogspot.com,0,Blogarama,liberal
102,bopnews.com,0,"BlogPulse,CampaignLine",liberal
103,boston.com/news/blogs/dnc,0,CampaignLine,liberal
104,bowles2004.com/weblog,0,CampaignLine,liberal
105,boycottsbg.com,0,LabeledManually,liberal
106,bradcarson.com/blog,0,CampaignLine,liberal
107,bradfriedman.com/bradblog,0,CampaignLine,liberal
108,brianhull.net,0,Blogarama,liberal
109,brilliantatbreakfast.blogspot.com,0,Blogarama,liberal
110,browncross.com/usualsuspects,0,Blogarama,liberal
111,brunon.blogspot.com ,0,LabeledManually,liberal
112,bryan08.tk,0,Blogarama,liberal
113,btcnews.com/btcnews,0,"Blogarama,LeftyDirectory",liberal
114,bullmooseblog.com,0,"LabeledManually,CampaignLine",liberal
115,burntorangereport.com,0,"BlogPulse,CampaignLine",liberal
116,bushlies.net/pages/10/index.htm,0,CampaignLine,liberal
117,bushmisunderestimated.blogspot.com,0,CampaignLine,liberal
118,busybusybusy.com,0,LeftyDirectory,liberal
119,buzzmachine.com,0,"BlogPulse,LeftyDirectory",liberal
120,cadat.nl,0,Blogarama,liberal
121,carpetblogger.com,0,Blogarama,liberal
122,catchingsmoke.blogspot.com,0,Blogarama,liberal
123,cbaker.org/blog,0,Blogarama,liberal
124,cemonitor.blogspot.com,0,Blogarama,liberal
125,centerpiece.blogspot.com,0,Blogarama,liberal
126,chak.org/blog,0,Blogarama,liberal
127,changeforamerica.com/blog,0,CampaignLine,liberal
128,charleypatton.blogspot.com,0,"BlogCatalog,eTalkingHead",liberal
129,charlineandjamie.com/dotnetweb01a/blogdisplay.aspx?logname=jamie&#38;logcatid=48,0,Blogarama,liberal
130,chepooka.com,0,"Blogarama,eTalkingHead",liberal
131,chestnut_tree.blogspot.com,0,Blogarama,liberal
132,chiron.typepad.com,0,Blogarama,liberal
133,churchofcriticalthinking.com,0,Blogarama,liberal
134,civicactions.com,0,Blogarama,liberal
135,cjh9999.blog-city.com,0,Blogarama,liberal
136,clarified.blogspot.com,0,"LeftyDirectory,eTalkingHead",liberal
137,claudialong.com/blog,0,eTalkingHead,liberal
138,cleancutkid.com,0,Blogarama,liberal
139,cnle.net,0,BlogCatalog,liberal
140,collegedems.com/blog,0,CampaignLine,liberal
141,conniptions.net,0,Blogarama,liberal
142,conservativessuck.blogspot.com,0,"Blogarama,LeftyDirectory",liberal
143,contrapositive.blogspot.com,0,eTalkingHead,liberal
144,corrente.blogspot.com,0,LabeledManually,liberal
145,counterspin.blogspot.com,0,"BlogPulse,LeftyDirectory",liberal
146,courtney5.us/drew,0,Blogarama,liberal
147,crankylittleblog.blogspot.com,0,Blogarama,liberal
148,crapiscommon.blogspot.com,0,"Blogarama,BlogCatalog",liberal
149,criticalviewer.com,0,Blogarama,liberal
150,crookedtimber.org,0,LeftyDirectory,liberal
151,crooksandliars.com,0,Blogarama,liberal
152,dailyblatt.blogspot.com,0,Blogarama,liberal
153,dailyblurb.blogspot.com,0,"Blogarama,BlogCatalog",liberal
154,dailyhowler.com,0,LeftyDirectory,liberal
155,dailykos.com,0,"LeftyDirectory,LabeledManually,CampaignLine",liberal
156,dailywarnews.blogspot.com,0,LabeledManually,liberal
157,damntheman.net,0,CampaignLine,liberal
158,dashnier.blogspot.com,0,BlogCatalog,liberal
159,davidsirota.com,0,LeftyDirectory,liberal
160,dawnofnewamerica.blogspot.com,0,BlogCatalog,liberal
161,deanocrats.com,0,Blogarama,liberal
162,deathpenaltyusa.blogspot.com,0,"LeftyDirectory,eTalkingHead",liberal
163,debunker.net,0,Blogarama,liberal
164,decksitters.my-expressions.com,0,BlogCatalog,liberal
165,dedspace.blogspot.com,0,Blogarama,liberal
166,delraysteve.com/blog,0,Blogarama,liberal
167,demagogue.blogspot.com,0,"LeftyDirectory,eTalkingHead",liberal
168,demleft.blogspot.com,0,"LeftyDirectory,LabeledManually",liberal
169,democrants.blogspot.com,0,CampaignLine,liberal
170,democraticunderground.com,0,"LabeledManually,CampaignLine",liberal
171,democratreport.blogspot.com,0,BlogCatalog,liberal
172,democrats.org/blog,0,LabeledManually,liberal
173,democratvoice.org,0,Blogarama,liberal
174,demoliberal.blogspot.com,0,Blogarama,liberal
175,dems2000.net,0,Blogarama,liberal
176,dems2004.com/blog,0,CampaignLine,liberal
177,dems2004.org/blog,0,CampaignLine,liberal
178,denisdekat.com,0,Blogarama,liberal
179,dewar.journalspace.com,0,eTalkingHead,liberal
180,digbysblog.blogspot.com,0,"BlogPulse,LeftyDirectory",liberal
181,digestiblenews.blogspot.com,0,Blogarama,liberal
182,digital-democrat.blogspot.com,0,Blogarama,liberal
183,digitaldissent.blogspot.com,0,eTalkingHead,liberal
184,digitaljay.blogspot.com,0,"LeftyDirectory,eTalkingHead",liberal
185,dimmykarras.blogspot.com,0,eTalkingHead,liberal
186,dir.salon.com/topics/joe_conason/index.html,0,LabeledManually,liberal
187,discourse.net,0,BlogPulse,liberal
188,diypolitics.blogdrive.com,0,Blogarama,liberal
189,dneiwert.blogspot.com,0,"LeftyDirectory,eTalkingHead",liberal
190,dogfight04.typepad.com,0,eTalkingHead,liberal
191,dohiyimir.typepad.com,0,LabeledManually,liberal
192,dolphinsdock.com/blog,0,"Blogarama,LeftyDirectory,BlogCatalog,eTalkingHead",liberal
193,donkey2004.blogspot.com,0,"Blogarama,LeftyDirectory,BlogCatalog",liberal
194,donspoliticalblog.blogspot.com,0,Blogarama,liberal
195,doublespeakez.blogspot.com,0,Blogarama,liberal
196,doubter.blogspot.com,0,eTalkingHead,liberal
197,drugwarmovie.com/drugwarmovie/weblog/blogger.html,0,Blogarama,liberal
198,duckdaotsu.blogspot.com,0,Blogarama,liberal
199,dygital.blogspot.com,0,BlogCatalog,liberal
200,dystopia.blog-city.com,0,"Blogarama,LeftyDirectory",liberal
201,eastbaykerry.com,0,Blogarama,liberal
202,elayneriggs.blogspot.com,0,LeftyDirectory,liberal
203,elderbearden.blogspot.com,0,Blogarama,liberal
204,electablog.com,0,BlogPulse,liberal
205,elemming2.blogspot.com,0,"Blogarama,LeftyDirectory",liberal
206,elfoflight.blogspot.com,0,BlogCatalog,liberal
207,elissa.typepad.com,0,BlogCatalog,liberal
208,eltcamerica.blogspot.com,0,Blogarama,liberal
209,emergingdemocraticmajority.com,0,LabeledManually,liberal
210,emergingdemocraticmajorityweblog.com/donkeyrising,0,LabeledManually,liberal
211,emptyisform.com,0,Blogarama,liberal
212,endthenightmare.blogspot.com,0,"Blogarama,eTalkingHead",liberal
213,enemykombatant.blogspot.com,0,BlogCatalog,liberal
214,enlightenedbelle.blogspot.com,0,Blogarama,liberal
215,ergio.blogspot.com,0,eTalkingHead,liberal
216,estropundit.blogspot.com,0,eTalkingHead,liberal
217,etherealgirl.blogspot.com,0,Blogarama,liberal
218,fafblog.blogspot.com,0,LeftyDirectory,liberal
219,fairshot.org,0,Blogarama,liberal
220,farleft.blogspot.com,0,eTalkingHead,liberal
221,fidlet.com,0,Blogarama,liberal
222,fiercepoet.com,0,BlogCatalog,liberal
223,flagrancy.net,0,"Blogarama,LeftyDirectory",liberal
224,folkbum.blogspot.com,0,"Blogarama,LeftyDirectory",liberal
225,forewarned.blogspot.com,0,eTalkingHead,liberal
226,freakinliberals.com/blog_a,0,"Blogarama,BlogCatalog",liberal
227,frederickclarkson.com,0,"Blogarama,eTalkingHead",liberal
228,freedompress.blogspot.com,0,Blogarama,liberal
229,fromtheroots.org,0,CampaignLine,liberal
230,fuckthisblog.blogspot.com,0,Blogarama,liberal
231,futuraworkz.com,0,BlogCatalog,liberal
232,gabeanderson.com/life,0,Blogarama,liberal
233,gadflyer.com,0,LabeledManually,liberal
234,gaijincory.com,0,BlogCatalog,liberal
235,garbage-house.com,0,Blogarama,liberal
236,garrulus.ilcannocchiale.it,0,BlogCatalog,liberal
237,georgewbuy.blogspot.com,0,CampaignLine,liberal
238,gisleson.com/blog,0,"Blogarama,CampaignLine",liberal
239,global-equality.org/news/blog/index.shtml,0,"Blogarama,eTalkingHead",liberal
240,gloomanddoom.blogspot.com,0,"Blogarama,BlogCatalog",liberal
241,goose3five.blogspot.com,0,"Blogarama,LeftyDirectory,BlogCatalog",liberal
242,gotzfamily.org/weblog,0,Blogarama,liberal
243,grassrootsmom.blogspot.com,0,CampaignLine,liberal
244,grassrootsnation.com,0,eTalkingHead,liberal
245,greaterdemocracy.org,0,CampaignLine,liberal
246,greendogdemocrat.blogspot.com,0,CampaignLine,liberal
247,greentit.com,0,Blogarama,liberal
248,gregpalast.com,0,LabeledManually,liberal
249,grupo-utopia.com/blog/isou,0,LabeledManually,liberal
250,hal9000report.blogdrive.com,0,BlogCatalog,liberal
251,halcyondays.info,0,eTalkingHead,liberal
252,hategun.com,0,BlogCatalog,liberal
253,hellafaded.blogspot.com,0,Blogarama,liberal
254,hellofromparis.blogspot.com,0,eTalkingHead,liberal
255,hellskitchennyc.blogspot.com,0,BlogCatalog,liberal
256,hereswhatsleft.typepad.com,0,eTalkingHead,liberal
257,hereswhatsleft.typepad.com/home,0,"Blogarama,LeftyDirectory",liberal
258,heysucka.blogspot.com,0,Blogarama,liberal
259,higherpieproductions.com,0,"Blogarama,LeftyDirectory,BlogCatalog,LabeledManually",liberal
260,hoeffelforsenate.com/blog,0,CampaignLine,liberal
261,home.att.net/~dbarnhill,0,Blogarama,liberal
262,home.att.net/~gentle.reader,0,LabeledManually,liberal
263,home.earthlink.net/~cdowner,0,Blogarama,liberal
264,home.earthlink.net/~fsrhine,0,"Blogarama,LeftyDirectory,LabeledManually",liberal
265,home.earthlink.net/~heavy-duty,0,Blogarama,liberal
266,home.earthlink.net/~juris_doctor_szh,0,Blogarama,liberal
267,home.earthlink.net/~kevin.omeara,0,Blogarama,liberal
268,home.houston.rr.com/skeptical,0,Blogarama,liberal
269,homepage.mac.com/elisa_camahort/iblog,0,BlogCatalog,liberal
270,homepage.mac.com/georgia.nesmith/iblog/index.html,0,Blogarama,liberal
271,homepage.mac.com/jpbarr/myblog,0,Blogarama,liberal
272,hotflashesfromthecampaigntrail.blogspot.com,0,CampaignLine,liberal
273,hotflashreport.com,0,eTalkingHead,liberal
274,howienfriends.blogspot.com,0,Blogarama,liberal
275,hugozoom.blogspot.com,0,"Blogarama,LeftyDirectory",liberal
276,ibe.blogspot.com,0,"Blogarama,BlogCatalog",liberal
277,ibrutus.com,0,"Blogarama,BlogCatalog",liberal
278,iddybud.blogspot.com,0,"Blogarama,LeftyDirectory,eTalkingHead",liberal
279,idiosyncratictendencies.com,0,Blogarama,liberal
280,idlehandsmag.com/yellowdog04,0,BlogCatalog,liberal
281,iflipflop.com,0,Blogarama,liberal
282,ignatz.blogspot.com,0,Blogarama,liberal
283,ihatepatrobertson.com,0,"Blogarama,BlogCatalog,CampaignLine",liberal
284,ilovecynics.com,0,Blogarama,liberal
285,in-sub-ordination.blogspot.com,0,Blogarama,liberal
286,inez2004.com/blogs,0,CampaignLine,liberal
287,insanepreschoolmom.blogspot.com,0,BlogCatalog,liberal
288,interestingtimes.blogspot.com,0,LabeledManually,liberal
289,interestingtimes.typepad.com,0,"Blogarama,eTalkingHead",liberal
290,ironmouth.com,0,eTalkingHead,liberal
291,irregulartimes.com/blogger.html,0,"Blogarama,LeftyDirectory",liberal
292,islanddave.blogspot.com,0,Blogarama,liberal
293,itlookslikethis.blogeasy.com,0,Blogarama,liberal
294,itsabitmuch.blogspot.com,0,Blogarama,liberal
295,ivotedforgeorge.com,0,eTalkingHead,liberal
296,iwantmycountryback.org,0,"eTalkingHead,CampaignLine",liberal
297,j-bradford-delong.net/movable_type,0,"LeftyDirectory,eTalkingHead",liberal
298,jadbury.com,0,BlogCatalog,liberal
299,jadbury.com/blog,0,"LeftyDirectory,eTalkingHead",liberal
300,jadedreality.blogspot.com,0,"Blogarama,BlogCatalog",liberal
301,jameswolcott.com,0,LeftyDirectory,liberal
302,jamiefeyrer.com,0,Blogarama,liberal
303,janm.blogspot.com,0,Blogarama,liberal
304,jason.unitedworkers.org,0,Blogarama,liberal
305,jbcougar.blogspot.com,0,Blogarama,liberal
306,jcchurch.blogspot.com,0,Blogarama,liberal
307,jdeeth.blogspot.com,0,"Blogarama,BlogCatalog",liberal
308,jeremybrendan.blogspot.com,0,BlogCatalog,liberal
309,jetage.blogspot.com,0,Blogarama,liberal
310,jewssansfrontieres.blogspot.com,0,Blogarama,liberal
311,jimgilliam.com,0,"Blogarama,BlogCatalog",liberal
312,jimtreacher.com,0,LeftyDirectory,liberal
313,jinkythecat.blogspot.com,0,Blogarama,liberal
314,jmbzine.com,0,Blogarama,liberal
315,joebrent.blogspot.com,0,Blogarama,liberal
316,john.hoke.org,0,BlogCatalog,liberal
317,johnmccrory.com,0,"Blogarama,LeftyDirectory",liberal
318,johnnynobody.blogspot.com,0,Blogarama,liberal
319,jointhecrowd.blogspot.com,0,Blogarama,liberal
320,jospehsmind.blogspot.com,0,BlogCatalog,liberal
321,journals.aol.com/breuvers/madashellnotgoingtotakeitanymore,0,Blogarama,liberal
322,jpandre.blogspot.com,0,eTalkingHead,liberal
323,juancole.com,0,"BlogPulse,eTalkingHead",liberal
324,juandejesus.50megs.com/juancomments.html,0,Blogarama,liberal
325,julietterossant.com/superchefblog/superchefblog.html,0,eTalkingHead,liberal
326,juliusblog.blogspot.com,0,BlogPulse,liberal
327,justmark.com,0,Blogarama,liberal
328,karlhenderson.blogspot.com,0,Blogarama,liberal
329,karmicsoup.blogspot.com,0,BlogCatalog,liberal
330,katyggls.blogspot.com,0,BlogCatalog,liberal
331,kcdems.blogspot.com,0,CampaignLine,liberal
332,kensain.com,0,Blogarama,liberal
333,kerryforpresident2008.blogspot.com,0,Blogarama,liberal
334,kerrytalkingpoints.blogspot.com,0,Blogarama,liberal
335,kicktheleftist.blogspot.com,0,eTalkingHead,liberal
336,kiersten.connersax.com,0,BlogCatalog,liberal
337,kiosan.blogharbor.com,0,"Blogarama,LeftyDirectory",liberal
338,kippsblog.com,0,Blogarama,liberal
339,kristyandotherwise.blogspot.com,0,Blogarama,liberal
340,kurtkk.blogspot.com,0,Blogarama,liberal
341,kydem.blogspot.com,0,"Blogarama,CampaignLine",liberal
342,labandadelbuko.ilcannocchiale.it,0,BlogCatalog,liberal
343,lagernik.blogspot.com,0,Blogarama,liberal
344,lastdaysoftherepublic.fatoprofugus.net,0,Blogarama,liberal
345,lawdork.blogspot.com,0,"LeftyDirectory,eTalkingHead",liberal
346,laylasblog.com,0,Blogarama,liberal
347,leanleft.com,0,LeftyDirectory,liberal
348,leavethematrix.blogspot.com,0,BlogCatalog,liberal
349,left2right.typepad.com,0,Blogarama,liberal
350,lefterer.com,0,"Blogarama,LeftyDirectory",liberal
351,lefti.blogspot.com,0,"LeftyDirectory,LabeledManually",liberal
352,leftinthereign.blogspot.com,0,Blogarama,liberal
353,leftthought.blogspot.com,0,"Blogarama,LeftyDirectory",liberal
354,lefttimes.com,0,"Blogarama,LeftyDirectory",liberal
355,leftwingnation.com,0,Blogarama,liberal
356,lendmesomesugar.blogs.com/shut_up_already,0,Blogarama,liberal
357,lennonreport.blogspot.com,0,CampaignLine,liberal
358,leonards-digest.blogspot.com,0,"Blogarama,LeftyDirectory,BlogCatalog",liberal
359,lettherebepeace.blogspot.com,0,Blogarama,liberal
360,liberalangst.org,0,Blogarama,liberal
361,liberalavenger.com,0,Blogarama,liberal
362,liberaleric.blogspot.com,0,Blogarama,liberal
363,liberaloasis.com,0,"LeftyDirectory,LabeledManually,CampaignLine",liberal
364,liberalreview.blogspot.com,0,Blogarama,liberal
365,liberalthunderdome.blogspot.com,0,BlogCatalog,liberal
366,liberationlearning.blogspot.com,0,Blogarama,liberal
367,lightupthedarkness.org,0,CampaignLine,liberal
368,lightupthedarkness.org/blog/default.asp,0,BlogCatalog,liberal
369,limecoconut.blogspot.com,0,Blogarama,liberal
370,limericksavant.blogspot.com,0,"Blogarama,LeftyDirectory,BlogCatalog,eTalkingHead",liberal
371,liquidlist.com,0,"Blogarama,LeftyDirectory",liberal
372,literarybargainville.net,0,Blogarama,liberal
373,livejournal.com/users/hoptkov,0,Blogarama,liberal
374,livejournal.com/users/jmhm,0,LeftyDirectory,liberal
375,livejournal.com/~dailyapple,0,Blogarama,liberal
376,livejournal.com/~ladywriter_mts,0,Blogarama,liberal
377,loadedmouth.com,0,"Blogarama,eTalkingHead",liberal
378,lorenjavier.blogspot.com,0,Blogarama,liberal
379,loud-liberal.blogspot.com,0,Blogarama,liberal
380,loveamericahatebush.com,0,Blogarama,liberal
381,lowrentrat.blogdrive.com,0,"Blogarama,eTalkingHead",liberal
382,ltobs.blogspot.com,0,Blogarama,liberal
383,ludis.blogspot.com,0,Blogarama,liberal
384,ludovicspeaks.typepad.com,0,"Blogarama,eTalkingHead",liberal
385,ludovicspeaks.typepad.com/real_deal,0,Blogarama,liberal
386,madamepresident2020.blogspot.com,0,Blogarama,liberal
387,madkane.com/notable.html,0,"LeftyDirectory,BlogCatalog,eTalkingHead,CampaignLine",liberal
388,maggiespants.co.uk,0,eTalkingHead,liberal
389,mahablog.com,0,LabeledManually,liberal
390,marcbrazeau.blogspot.com,0,Blogarama,liberal
391,margaretcho.com/blog/blog.htm,0,LabeledManually,liberal
392,margieburns.com,0,BlogCatalog,liberal
393,markadams.blogdrive.com,0,"Blogarama,LeftyDirectory,eTalkingHead",liberal
394,markarkleiman.com,0,eTalkingHead,liberal
395,markch.blogspot.com,0,BlogCatalog,liberal
396,markschmitt.typepad.com/decembrist,0,LeftyDirectory,liberal
397,markwarnerforpresident2008.blogspot.com,0,CampaignLine,liberal
398,martadonayre.com,0,Blogarama,liberal
399,maruthecrankpot.blogspot.com,0,LeftyDirectory,liberal
400,massachusetts-liberal.com,0,Blogarama,liberal
401,mathewgross.com,0,BlogPulse,liberal
402,mathewgross.com/blog,0,CampaignLine,liberal
403,matthewyglesias.com,0,LeftyDirectory,liberal
404,maultasch.us,0,Blogarama,liberal
405,maxspeak.org/mt,0,Blogarama,liberal
406,mayflowerhill.blogspot.com,0,eTalkingHead,liberal
407,mcwil.blogspot.com,0,BlogCatalog,liberal
408,meanspirit.blogspot.com,0,BlogCatalog,liberal
409,meateatingleftist.com,0,"Blogarama,BlogCatalog",liberal
410,mediajunkie.com/edgewise,0,CampaignLine,liberal
411,mediaprima.com/nv1962,0,"Blogarama,BlogCatalog",liberal
412,members.aol.com/ourprez08,0,CampaignLine,liberal
413,members.cox.net/aaronjohn,0,Blogarama,liberal
414,messengerpuppet.com/blog,0,BlogCatalog,liberal
415,metropol47.blogspot.com,0,Blogarama,liberal
416,michael124.blogspot.com,0,Blogarama,liberal
417,michaelberube.com,0,LeftyDirectory,liberal
418,michaelphillips.blogspot.com,0,BlogCatalog,liberal
419,mickikrimmel.com/redcarpet,0,BlogCatalog,liberal
420,midguard.blogspot.com,0,Blogarama,liberal
421,minagahet.blogspot.com,0,Blogarama,liberal
422,mirocat.com,0,Blogarama,liberal
423,miss-sassafras.com,0,BlogCatalog,liberal
424,misschin.bloggage.com,0,BlogCatalog,liberal
425,missourikid.blog-city.com,0,Blogarama,liberal
426,mixtersmix.blogspot.com,0,Blogarama,liberal
427,montages.blogspot.com,0,Blogarama,liberal
428,moxiegrrrl.com,0,BlogCatalog,liberal
429,mrleft.org,0,"Blogarama,LeftyDirectory,BlogCatalog,eTalkingHead,CampaignLine",liberal
430,mrstevebeers.blogspot.com,0,Blogarama,liberal
431,msnbc.msn.com/id/3449870,0,LabeledManually,liberal
432,mstabile.blogspot.com,0,"LeftyDirectory,eTalkingHead",liberal
433,multitudes.typepad.com,0,Blogarama,liberal
434,mydd.com,0,"LeftyDirectory,LabeledManually,eTalkingHead",liberal
435,myducksoup.com/blog/bloglib/bloglib.shtml,0,Blogarama,liberal
436,myleftbrain.com,0,"LeftyDirectory,BlogCatalog,eTalkingHead",liberal
437,myleftthoughts.blogspot.com,0,Blogarama,liberal
438,mysterypollster.com/main,0,LabeledManually,liberal
439,nastyboys.blogspot.com,0,"Blogarama,LeftyDirectory",liberal
440,nathancallahan.com,0,eTalkingHead,liberal
441,nathannewman.org/log,0,"LeftyDirectory,LabeledManually",liberal
442,nationalreview.com/frum/frum-diary.asp,0,CampaignLine,liberal
443,ndnblog.org,0,LabeledManually,liberal
444,nearouterheaven.blogspot.com,0,"Blogarama,LeftyDirectory",liberal
445,nebursworld.blogspot.com,0,Blogarama,liberal
446,needlenose.com,0,"Blogarama,LeftyDirectory,BlogCatalog",liberal
447,nephandus.com/blog.php,0,Blogarama,liberal
448,nerofiddled.blogspot.com,0,"Blogarama,BlogCatalog",liberal
449,netpolitik.blogspot.com,0,Blogarama,liberal
450,netweed.com/postmodernanarchist,0,Blogarama,liberal
451,newappeal.blogspot.com,0,LabeledManually,liberal
452,newdemocrat.blogdrive.com,0,CampaignLine,liberal
453,newdonkey.com,0,"LabeledManually,CampaignLine",liberal
454,newleftblogs.blogspot.com,0,LabeledManually,liberal
455,news-opinion.blog-city.com,0,Blogarama,liberal
456,newstrolls.com,0,Blogarama,liberal
457,nftl.blogspot.com,0,Blogarama,liberal
458,niagarabuzz.com,0,Blogarama,liberal
459,nickgerman.blogspot.com,0,Blogarama,liberal
460,nielsenhayden.com/electrolite,0,LeftyDirectory,liberal
461,nielsenhayden.com/makinglight,0,LeftyDirectory,liberal
462,njfordemocracy.org,0,BlogCatalog,liberal
463,njn-blogogram.blogspot.com,0,Blogarama,liberal
464,njsoccermom.blogspot.com,0,"Blogarama,BlogCatalog",liberal
465,node707.com,0,Blogarama,liberal
466,nofearoffreedom.blogspot.com,0,"Blogarama,LeftyDirectory",liberal
467,nomoremister.blogspot.com,0,LabeledManually,liberal
468,norbizness.com,0,LabeledManually,liberal
469,noseyonline.com,0,"Blogarama,LeftyDirectory,eTalkingHead",liberal
470,nosmallplans.com/rants,0,CampaignLine,liberal
471,notbush.com,0,CampaignLine,liberal
472,notgeniuses.com,0,CampaignLine,liberal
473,nuntius.blogspot.com,0,Blogarama,liberal
474,nycitystoop.com,0,Blogarama,liberal
475,obamablog.com,0,CampaignLine,liberal
476,obrien4.net/probitus,0,eTalkingHead,liberal
477,obsidianwings.blogs.com,0,BlogPulse,liberal
478,ocd-gx-liberal.blogspot.com,0,Blogarama,liberal
479,oddhours.blogspot.com,0,"Blogarama,eTalkingHead",liberal
480,offthekuff.com/mt,0,LeftyDirectory,liberal
481,oipp.blogspot.com,0,Blogarama,liberal
482,oliphantparts.org/blog,0,BlogCatalog,liberal
483,oliverwillis.com,0,"LeftyDirectory,eTalkingHead,CampaignLine",liberal
484,one38.org,0,eTalkingHead,liberal
485,onetrueblog.com,0,Blogarama,liberal
486,onhappiness.crimsonblog.com,0,Blogarama,liberal
487,openeyesmemo.com,0,"Blogarama,BlogCatalog",liberal
488,orient-lodge.com,0,BlogCatalog,liberal
489,ospolitics.org,0,LabeledManually,liberal
490,oxblog.blogspot.com,0,BlogPulse,liberal
491,pacdaily.com,0,Blogarama,liberal
492,pacificviews.org,0,CampaignLine,liberal
493,pandagon.net,0,"BlogPulse,LeftyDirectory,eTalkingHead,CampaignLine",liberal
494,parabasis.typepad.com,0,"LeftyDirectory,eTalkingHead",liberal
495,patriotboy.blogspot.com,0,LeftyDirectory,liberal
496,pattymurray.com/blog.php,0,CampaignLine,liberal
497,paulchasman.com,0,"Blogarama,LeftyDirectory",liberal
498,peacegarden.blogspot.com,0,"Blogarama,LeftyDirectory,BlogCatalog",liberal
499,penheaded.blogspot.com,0,Blogarama,liberal
500,pennywit.com/drupal,0,eTalkingHead,liberal
501,permanentred.com,0,Blogarama,liberal
502,peskytherat.com/pesky,0,Blogarama,liberal
503,phillybri.blogspot.com,0,BlogCatalog,liberal
504,philoponia.blogspot.com,0,Blogarama,liberal
505,philosophers-stone.blogspot.com,0,"Blogarama,LeftyDirectory",liberal
506,philvbblog.blogspot.com,0,"Blogarama,BlogCatalog",liberal
507,phoblographer.com,0,Blogarama,liberal
508,pinkofeministhellcat.typepad.com/pinko_feminist_hellcat,0,Blogarama,liberal
509,planetdave.com/blogs.php3?mid=1,0,BlogCatalog,liberal
510,politicalinsanity.com,0,BlogCatalog,liberal
511,politicalmonitor.us/blog,0,Blogarama,liberal
512,politicalstrategy.org,0,CampaignLine,liberal
513,politicalthought.net,0,"Blogarama,BlogCatalog",liberal
514,politicalwire.com,0,BlogPulse,liberal
515,politics.feedster.com,0,CampaignLine,liberal
516,politicswithrichard.blogspot.com,0,Blogarama,liberal
517,polizeros.com,0,Blogarama,liberal
518,pollsterseek.blogspot.com,0,Blogarama,liberal
519,polstate.com,0,LabeledManually,liberal
520,popstalin.com/news,0,Blogarama,liberal
521,portapulpit.com,0,Blogarama,liberal
522,posptect.org/weblog,0,LabeledManually,liberal
523,praguewriter.typepad.com,0,eTalkingHead,liberal
524,presidentboxer.blogspot.com,0,CampaignLine,liberal
525,prestoncaldwellblog.blogspot.com,0,"LeftyDirectory,eTalkingHead",liberal
526,probitus.obrien4.net,0,"Blogarama,BlogCatalog",liberal
527,profgoose.blogspot.com,0,Blogarama,liberal
528,progressivecyclone.blogspot.com,0,BlogCatalog,liberal
529,progressivedialogue.com,0,Blogarama,liberal
530,progressiveink.com,0,BlogCatalog,liberal
531,progressiveink.com/bloggers.php,0,Blogarama,liberal
532,progressivesociety.com/blog,0,"Blogarama,BlogCatalog",liberal
533,progressivetrail.org/blog.shtml,0,Blogarama,liberal
534,proponentofreason.blogspot.com,0,BlogCatalog,liberal
535,prospect.org/weblog,0,"BlogPulse,LeftyDirectory",liberal
536,pudentilla.blogspot.com,0,Blogarama,liberal
537,punditician.blogspot.com,0,Blogarama,liberal
538,purplestates.blogspot.com,0,Blogarama,liberal
539,qando.net,0,LabeledManually,liberal
540,question-dean.blogspot.com,0,Blogarama,liberal
541,radgeek.com,0,Blogarama,liberal
542,radikal_papi.pitas.com,0,eTalkingHead,liberal
543,radio.weblogs.com/0131587/categories/flush,0,Blogarama,liberal
544,raedinthemiddle.blogspot.com,0,"LeftyDirectory,eTalkingHead",liberal
545,randz.net,0,Blogarama,liberal
546,rantingred.blogspot.com,0,Blogarama,liberal
547,reachm.com/amstreet,0,Blogarama,liberal
548,readingpost.com,0,"Blogarama,LeftyDirectory",liberal
549,realitybasednation.com,0,Blogarama,liberal
550,red-harvest.blogspot.com,0,"Blogarama,LeftyDirectory",liberal
551,religiousleft.blogspot.com,0,LabeledManually,liberal
552,republicansbite.com,0,Blogarama,liberal
553,republicoft.typepad.com,0,BlogCatalog,liberal
554,resistoppression.blogspot.com,0,"Blogarama,BlogCatalog",liberal
555,restoreamerica.blogspot.com,0,BlogCatalog,liberal
556,retrogrouch.net,0,"Blogarama,LeftyDirectory",liberal
557,revoltnow-us.blogspot.com,0,Blogarama,liberal
558,reynardfox.com,0,Blogarama,liberal
559,rhetoricrhythm.blogspot.com,0,"LeftyDirectory,eTalkingHead",liberal
560,righthandthief.blogspot.com,0,LabeledManually,liberal
561,rising-hegemon.blogspot.com,0,LabeledManually,liberal
562,risinghegemon.blogspot.com,0,Blogarama,liberal
563,rittenhouse.blogspot.com,0,"Blogarama,LeftyDirectory",liberal
564,riverbendblog.blogspot.com,0,LabeledManually,liberal
565,rkook.blogspot.com,0,BlogCatalog,liberal
566,roadtosurfdom.com,0,LeftyDirectory,liberal
567,robot-invasion.com,0,"Blogarama,eTalkingHead",liberal
568,robschumacher.blogspot.com,0,Blogarama,liberal
569,rockthrower.blogs.com/rockthrower,0,CampaignLine,liberal
570,rogerailes.blogspot.com,0,"LeftyDirectory,eTalkingHead",liberal
571,roil.blogspot.com,0,Blogarama,liberal
572,rooksrant.com,0,LabeledManually,liberal
573,rowhouselogic.com,0,Blogarama,liberal
574,roxanne.typepad.com,0,eTalkingHead,liberal
575,rudepundit.blogspot.com,0,LabeledManually,liberal
576,rudyforfreeholder.org,0,Blogarama,liberal
577,ruminatethis.com,0,LeftyDirectory,liberal
578,s88172659.onlinehome.us/spockosbrain.html,0,Blogarama,liberal
579,sadlyno.com,0,LeftyDirectory,liberal
580,saveoursenate.blogspot.com,0,BlogCatalog,liberal
581,savetheus.blogspot.com,0,Blogarama,liberal
582,saxa.blogspot.com,0,Blogarama,liberal
583,sccdp.org/blog.php,0,BlogCatalog,liberal
584,schadelmann.com,0,Blogarama,liberal
585,scoobiedavis.blogspot.com,0,LeftyDirectory,liberal
586,scott-niven.com/saltwaterpizza,0,BlogCatalog,liberal
587,scottcsmith.net,0,"Blogarama,LeftyDirectory,BlogCatalog,eTalkingHead",liberal
588,scripting.com,0,BlogPulse,liberal
589,scrutinyhooligans.blogspot.com,0,"Blogarama,LeftyDirectory",liberal
590,seeingtheforest.com,0,Blogarama,liberal
591,seetheforest.blogspot.com,0,"LeftyDirectory,CampaignLine",liberal
592,senatorbarb.typepad.com,0,CampaignLine,liberal
593,senorpez.com,0,BlogCatalog,liberal
594,sequiturnon.blog-city.com,0,Blogarama,liberal
595,sethdmichaels.com,0,"LeftyDirectory,CampaignLine",liberal
596,shakespearessister.blogspot.com,0,"Blogarama,BlogCatalog",liberal
597,shamelessantagonist.blogspot.com,0,"Blogarama,eTalkingHead",liberal
598,sharedthought.com/weblog,0,Blogarama,liberal
599,shetquaker.blog-city.com,0,Blogarama,liberal
600,shininglight.us,0,"Blogarama,BlogCatalog",liberal
601,shoegal.modblog.com,0,BlogCatalog,liberal
602,shotofpolitics.blogspot.com,0,CampaignLine,liberal
603,shrillblog.blogspot.com,0,LabeledManually,liberal
604,simbaud.blogspot.com,0,Blogarama,liberal
605,simplyappalling.blogspot.com,0,Blogarama,liberal
606,skipperstyle.com,0,BlogCatalog,liberal
607,small-hands.blogspot.com,0,BlogCatalog,liberal
608,smearbody.blogspot.com,0,Blogarama,liberal
609,smirkingchimp.com,0,LabeledManually,liberal
610,smithersmpls.com,0,Blogarama,liberal
611,snooty.binaryclub.com/wp-rdf.php,0,Blogarama,liberal
612,snunes.blogspot.com,0,"Blogarama,LeftyDirectory",liberal
613,someonetakethewheel.blogspot.com,0,"Blogarama,eTalkingHead",liberal
614,soonerthought.com,0,Blogarama,liberal
615,southknoxbubba.net/skblog,0,eTalkingHead,liberal
616,spacedog26.blogspot.com,0,BlogCatalog,liberal
617,spectatorsport.blogspot.com,0,Blogarama,liberal
618,stagefour.typepad.com/commonprejudice,0,Blogarama,liberal
619,stalinism.com/shot-by-both-sides,0,eTalkingHead,liberal
620,stcfoundation.blogspot.com,0,Blogarama,liberal
621,stephenbates.com/yellowdoggereldemocrat,0,LeftyDirectory,liberal
622,stevecopy.blogharbor.com,0,Blogarama,liberal
623,stevegilliard.blogspot.com,0,"BlogPulse,LeftyDirectory",liberal
624,steveguy.me.uk,0,eTalkingHead,liberal
625,stevemacek.blogspot.com,0,"Blogarama,LeftyDirectory",liberal
626,stillfighting.blogspot.com,0,Blogarama,liberal
627,stirs-the-pot.blogspot.com,0,Blogarama,liberal
628,stitt.blogspot.com,0,CampaignLine,liberal
629,stonyfield.com/weblog/bovinebugle/index.html,0,BlogCatalog,liberal
630,stonyfield.com/weblog/strongwomendailynews/index.html,0,BlogCatalog,liberal
631,strangedoctrines.typepad.com,0,eTalkingHead,liberal
632,strangesemantics.blogspot.com,0,Blogarama,liberal
633,stzman.org/blog,0,Blogarama,liberal
634,suburbanguerrilla.blogspot.com,0,"LeftyDirectory,LabeledManually",liberal
635,swamiuptown.com,0,eTalkingHead,liberal
636,swingleft.blogspot.com,0,Blogarama,liberal
637,swingstateproject.com,0,"LeftyDirectory,CampaignLine",liberal
638,takeaction.blog-city.com,0,Blogarama,liberal
639,takeactionmichigan.blog-city.com,0,Blogarama,liberal
640,takebackthemedia.com,0,LabeledManually,liberal
641,talkingpointsmemo.com,0,"BlogPulse,LeftyDirectory",liberal
642,talkleft.com,0,"BlogPulse,LeftyDirectory,eTalkingHead,CampaignLine",liberal
643,tallone.org,0,Blogarama,liberal
644,tbogg.blogspot.com,0,"LeftyDirectory,LabeledManually",liberal
645,teenageenthusiast.blogspot.com,0,Blogarama,liberal
646,tesibria.typepad.com/democracy_is_coming,0,Blogarama,liberal
647,thatcoloredfellasweblog.bloghorn.com,0,"Blogarama,LeftyDirectory",liberal
648,thatgoodnight.com,0,Blogarama,liberal
649,the-goddess.org,0,CampaignLine,liberal
650,the-hamster.com,0,LeftyDirectory,liberal
651,theaggpro.blogspot.com,0,Blogarama,liberal
652,theagitator.blogspot.com,0,Blogarama,liberal
653,theangryliberal.blogspot.com,0,Blogarama,liberal
654,theantibush.org,0,Blogarama,liberal
655,theapologist.blogspot.com,0,Blogarama,liberal
656,thebarrexam.blogspot.com,0,CampaignLine,liberal
657,theblogwarrior.blogspot.com,0,"Blogarama,BlogCatalog,CampaignLine",liberal
658,thebluestate.com,0,LabeledManually,liberal
659,theblueview.blogspot.com,0,"Blogarama,BlogCatalog",liberal
660,thecarpetbaggerreport.com,0,BlogPulse,liberal
661,thecore4.com,0,BlogCatalog,liberal
662,thefulcrum.blogspot.com,0,"Blogarama,LeftyDirectory",liberal
663,theimmoralminority.blogspot.com,0,Blogarama,liberal
664,theleftcoaster.com,0,"LeftyDirectory,LabeledManually",liberal
665,thelefthand.blogspot.com,0,Blogarama,liberal
666,thelonedem.com,0,Blogarama,liberal
667,thelucideye.blogspot.com,0,Blogarama,liberal
668,thepeach.blogspot.com,0,Blogarama,liberal
669,thepoorman.net,0,LeftyDirectory,liberal
670,theradiomansays.blogspot.com,0,eTalkingHead,liberal
671,therogueangel.com/blog,0,BlogCatalog,liberal
672,therustybarrel.com/david/blog,0,BlogCatalog,liberal
673,thesiliconmind.blogspot.com,0,Blogarama,liberal
674,thesnooter.blogspot.com,0,BlogCatalog,liberal
675,thetalentshow.org,0,LeftyDirectory,liberal
676,thetalkingdog.com,0,LeftyDirectory,liberal
677,thewashingtonnote.com,0,LabeledManually,liberal
678,thewilson.blogspot.com,0,Blogarama,liberal
679,theworldaroundyou.com,0,eTalkingHead,liberal
680,thewritewing.blogspot.com,0,BlogCatalog,liberal
681,theyetimn.blogspot.com,0,Blogarama,liberal
682,thingsasitis.net,0,Blogarama,liberal
683,think2004.com,0,eTalkingHead,liberal
684,thinkingrocks.blogspot.com,0,Blogarama,liberal
685,thirdredeye.blogspot.com,0,Blogarama,liberal
686,thislousytshirt.net,0,"Blogarama,LeftyDirectory",liberal
687,thismodernworld.com,0,"LeftyDirectory,CampaignLine",liberal
688,thomasblog.typepad.com/bloggg,0,eTalkingHead,liberal
689,thunewatch.squarespace.com,0,Blogarama,liberal
690,tinylittledots.com,0,eTalkingHead,liberal
691,tobyemden.blogspot.com,0,Blogarama,liberal
692,tom_thinks.blogspot.com,0,eTalkingHead,liberal
693,tomburka.com,0,"Blogarama,LeftyDirectory,CampaignLine",liberal
694,tomcoburnisabigfatjerk.blogspot.com,0,Blogarama,liberal
695,tomdaschle.com/tom/index.php?id=34,0,CampaignLine,liberal
696,tomherod.blogspot.com,0,BlogCatalog,liberal
697,tonyknowles.com/blog.html,0,CampaignLine,liberal
698,topviewnews.com/blog,0,BlogCatalog,liberal
699,toteota.blogspot.com,0,LabeledManually,liberal
700,trainorphans.org,0,Blogarama,liberal
701,translucence.org,0,Blogarama,liberal
702,travalex.blogspot.com,0,"Blogarama,BlogCatalog",liberal
703,tristero.blogspot.com,0,"Blogarama,LeftyDirectory",liberal
704,trueconservative.typepad.com,0,Blogarama,liberal
705,truedemocrat.blogspot.com,0,Blogarama,liberal
706,truthbenotproud.blogspot.com,0,Blogarama,liberal
707,tuibguy.messagemonster.com,0,Blogarama,liberal
708,turnpikefeminist.com,0,Blogarama,liberal
709,turnspit.com,0,Blogarama,liberal
710,uberddue.blogspot.com,0,Blogarama,liberal
711,uberdude.blogspot.com,0,Blogarama,liberal
712,uggabugga.blogspot.com,0,LeftyDirectory,liberal
713,unodemocrats.com/blog,0,CampaignLine,liberal
714,upper-left.blogspot.com,0,CampaignLine,liberal
715,urbandemocracy.blogspot.com,0,Blogarama,liberal
716,urbanecoinc.com/wordpress1,0,Blogarama,liberal
717,usademocrazy.blogspot.com,0,Blogarama,liberal
718,usliberals.about.com,0,Blogarama,liberal
719,uwaythinks.blogspot.com,0,BlogCatalog,liberal
720,vernsblog.thegillfamily.us:8180,0,BlogCatalog,liberal
721,virginiaprogressive.blogspot.com,0,Blogarama,liberal
722,vocis.com/frank,0,BlogCatalog,liberal
723,votekerryedwards2004.blogspot.com,0,Blogarama,liberal
724,votervirginblog.blogspot.com,0,Blogarama,liberal
725,waitingfordorothy.blogspot.com,0,Blogarama,liberal
726,wampum.wabanaki.net,0,LabeledManually,liberal
727,warandpiece.com,0,LeftyDirectory,liberal
728,warriorsblog.blogspot.com,0,Blogarama,liberal
729,washingtonmonthly.com,0,"BlogPulse,LeftyDirectory",liberal
730,watchingthewatchers.org,0,BlogCatalog,liberal
731,waveflux.net,0,BlogCatalog,liberal
732,weblogs.bakshi.us/redskunk,0,"LeftyDirectory,BlogCatalog",liberal
733,werenotallincompetent.blogspot.com,0,Blogarama,liberal
734,whirlingbuffalo.com/creative-spirits.htm,0,BlogCatalog,liberal
735,whopundit.blogspot.com,0,Blogarama,liberal
736,whoviating.blogspot.com,0,"LeftyDirectory,LabeledManually",liberal
737,whyareweback.blogspot.com,0,"Blogarama,BlogCatalog",liberal
738,winnegar.blog-city.com,0,BlogCatalog,liberal
739,winthewest.blogspot.com,0,Blogarama,liberal
740,woneffe.typepad.com,0,BlogCatalog,liberal
741,wonkette.com,0,LabeledManually,liberal
742,workingpapers.blogspot.com,0,BlogCatalog,liberal
743,worldonfire.typepad.com/world_on_fire,0,"Blogarama,LeftyDirectory",liberal
744,wpblog.ohpinion.com,0,eTalkingHead,liberal
745,wsrblood.typepad.com/wiserblog,0,"Blogarama,LeftyDirectory,eTalkingHead",liberal
746,wtf.mindsay.com,0,Blogarama,liberal
747,wtpm.blogspot.com,0,"Blogarama,LeftyDirectory",liberal
748,wynterstoner.blogspot.com,0,eTalkingHead,liberal
749,x-pollen.com/many/blog.html,0,CampaignLine,liberal
750,xanga.com/allegrad,0,BlogCatalog,liberal
751,xanga.com/home.aspx?user=phknrocket1k,0,eTalkingHead,liberal
752,xanga.com/kerry4president,0,Blogarama,liberal
753,xianleft.blogspot.com,0,Blogarama,liberal
754,xnerg.blogspot.com,0,"LeftyDirectory,eTalkingHead",liberal
755,yarsrevenge.blogspot.com,0,"Blogarama,LeftyDirectory",liberal
756,yglesias.typepad.com/matthew,0,eTalkingHead,liberal
757,yoder.ru,0,eTalkingHead,liberal
758,younglibs.com,0,Blogarama,liberal
759,84rules.blog-city.com,1,eTalkingHead,conservative
760,a100wwe.blogspot.com,1,Blogarama,conservative
761,absurd-canadian.blogspot.com,1,eTalkingHead,conservative
762,ace.mu.nu,1,LabeledManually,conservative
763,aceoftrumpblog.blogspot.com,1,"Blogarama,BlogCatalog",conservative
764,acepilots.com/mt,1,LabeledManually,conservative
765,acertainslantoflight.blogspot.com,1,Blogarama,conservative
766,achicknamedmarzi.com,1,eTalkingHead,conservative
767,activistchat.com/blogiran,1,LabeledManually,conservative
768,adeimantus.blogspot.com,1,Blogarama,conservative
769,adonai.cc,1,Blogarama,conservative
770,airjun.blogspot.com,1,Blogarama,conservative
771,alamodispatches.blogspot.com,1,Blogarama,conservative
772,alamonation.blogspot.com,1,Blogarama,conservative
773,alarmingnews.com,1,"Blogarama,BlogPulse,CampaignLine",conservative
774,aldaron.modblog.com,1,"Blogarama,BlogCatalog",conservative
775,aldaynet.org,1,Blogarama,conservative
776,alexpelan.blogspot.com,1,BlogCatalog,conservative
777,alittlemoretotheright.com,1,"eTalkingHead,CampaignLine",conservative
778,all-encompassingly.com,1,"Blogarama,eTalkingHead",conservative
779,allahpundit.com,1,BlogPulse,conservative
780,allthingsmark.com,1,Blogarama,conservative
781,alphapatriot.com,1,Blogarama,conservative
782,althouse.blogspot.com,1,"BlogPulse,eTalkingHead",conservative
783,americaindenial.com/?q=node/feed,1,Blogarama,conservative
784,americanchronicle.blogspot.com,1,BlogCatalog,conservative
785,americancommentator.blogs.com/the_american_commentator_,1,CampaignLine,conservative
786,americandigest.org,1,LabeledManually,conservative
787,americandinosaur.blogspot.com,1,Blogarama,conservative
788,americanfuture.typepad.com,1,Blogarama,conservative
789,americanjihad.blogspot.com,1,BlogCatalog,conservative
790,americankernel.com,1,Blogarama,conservative
791,americanreport.blogspot.com,1,"Blogarama,BlogCatalog",conservative
792,americanthinker.com,1,BlogCatalog,conservative
793,americanwarmonger.blogspot.com,1,"Blogarama,BlogCatalog",conservative
794,americanworldview.tripod.com/weltansblog,1,Blogarama,conservative
795,americasteen.tk,1,Blogarama,conservative
796,amigo13.blogspot.com,1,Blogarama,conservative
797,amradio.blogspot.com,1,Blogarama,conservative
798,andrewsullivan.com,1,"BlogPulse,CampaignLine",conservative
799,andrightlyso.blogspot.com,1,Blogarama,conservative
800,angrychineseblogger.blog-city.com,1,eTalkingHead,conservative
801,angrygwn.blogspot.com,1,BlogCatalog,conservative
802,anncoulter.org,1,LabeledManually,conservative
803,annika.mu.nu,1,eTalkingHead,conservative
804,anothervrwc.blogspot.com,1,Blogarama,conservative
805,antijohnkerry.blogspot.com,1,CampaignLine,conservative
806,antiprotester.blogspot.com,1,Blogarama,conservative
807,apologiesdemanded.blogspot.com,1,"Blogarama,eTalkingHead",conservative
808,arkanssouri.blogspot.com,1,Blogarama,conservative
809,armchairgeneralist.typepad.com,1,LeftyDirectory,conservative
810,asmallvictory.net,1,BlogPulse,conservative
811,asmodeus-space.com/weblog/blog/index.php,1,Blogarama,conservative
812,astrosoup.blogspot.com,1,Blogarama,conservative
813,athena.blogs.com,1,Blogarama,conservative
814,awideawake.blogspot.com,1,"Blogarama,BlogCatalog",conservative
815,ayerdis.com/rants.php,1,Blogarama,conservative
816,babytrollblog.com,1,Blogarama,conservative
817,baldilocks.typepad.com,1,"Blogarama,BlogPulse",conservative
818,balloon-juice.com,1,eTalkingHead,conservative
819,bamapachyderm.blogspot.com,1,"Blogarama,BlogCatalog",conservative
820,batr.net,1,Blogarama,conservative
821,batr.org/commentary.html,1,Blogarama,conservative
822,beautifulatrocities.com,1,LabeledManually,conservative
823,beefalwayswins.blogspot.com,1,Blogarama,conservative
824,beldar.blogs.com/beldarblog,1,eTalkingHead,conservative
825,bellusbellum.info,1,Blogarama,conservative
826,belmontclub.blogspot.com,1,LabeledManually,conservative
827,bensgtusmc.com,1,Blogarama,conservative
828,bensworld.patriotforum.org,1,Blogarama,conservative
829,bernardmoon.blogspot.com,1,eTalkingHead,conservative
830,betsyspage.blogspot.com,1,LabeledManually,conservative
831,bidinotto.journalspace.com,1,Blogarama,conservative
832,bigenchilada.org,1,BlogCatalog,conservative
833,bigfatroid.blogspot.com,1,"Blogarama,BlogCatalog",conservative
834,bigjourney.blogspot.com,1,Blogarama,conservative
835,billhobbs.com,1,BlogPulse,conservative
836,billrice.org,1,Blogarama,conservative
837,billroggio.com/easongate,1,LabeledManually,conservative
838,bitheads.blogspot.com,1,Blogarama,conservative
839,bittersweetme.net/blog/index.php,1,Blogarama,conservative
840,bkennelly.com/vox,1,Blogarama,conservative
841,blackmanforbush.blogspot.com,1,Blogarama,conservative
842,blindmindseye.com,1,Blogarama,conservative
843,blithered.blogspot.com,1,Blogarama,conservative
844,blog.iainlindley.com,1,eTalkingHead,conservative
845,blog.mytechaid.com,1,Blogarama,conservative
846,blog.nam.org,1,BlogCatalog,conservative
847,blog.ncsweb.us,1,"Blogarama,BlogCatalog,eTalkingHead,CampaignLine",conservative
848,blog.so-amazing.net,1,Blogarama,conservative
849,blog.willrobinson47.com,1,Blogarama,conservative
850,bloghogger.blogspot.com,1,eTalkingHead,conservative
851,blogicus.com,1,eTalkingHead,conservative
852,blogodob.blogspot.com,1,eTalkingHead,conservative
853,blogs.blogosphere.ca/brock,1,Blogarama,conservative
854,blogsagainsthillary.com,1,LabeledManually,conservative
855,blogsforbush.com,1,"BlogPulse,CampaignLine",conservative
856,blogsofwar.com,1,"BlogPulse,eTalkingHead",conservative
857,blogspirator.blogspot.com,1,Blogarama,conservative
858,blubberhollow.com/blog,1,Blogarama,conservative
859,blue6golf.blogspot.com,1,Blogarama,conservative
860,bluegoldfish.blogs.com/surface,1,Blogarama,conservative
861,bluestates.blogspot.com,1,LeftyDirectory,conservative
862,bobhayes.net,1,CampaignLine,conservative
863,boottotheskull.com,1,Blogarama,conservative
864,borgardblog.blogspot.com,1,Blogarama,conservative
865,brainshavings.com,1,LabeledManually,conservative
866,brendonsspiderhole.blogspot.com,1,Blogarama,conservative
867,brianlarry.com,1,Blogarama,conservative
868,brianscott.blogspot.com,1,Blogarama,conservative
869,brutallyhonest.org,1,Blogarama,conservative
870,buckeyepundit.blogspot.com,1,BlogCatalog,conservative
871,bullmooserepublicans.com/blog,1,"Blogarama,LabeledManually",conservative
872,bushblog.us,1,Blogarama,conservative
873,c-pol.blogspot.com,1,"Blogarama,CampaignLine",conservative
874,californiaconservatives4truth.blogspot.com,1,Blogarama,conservative
875,calirep.blogspot.com,1,Blogarama,conservative
876,calpoly.edu/~doleary/blog.htm,1,Blogarama,conservative
877,campaignofone.org/blog/index.asp,1,Blogarama,conservative
878,captainsquartersblog.com/mt,1,eTalkingHead,conservative
879,catscape.com,1,Blogarama,conservative
880,cayankee.blogs.com,1,BlogPulse,conservative
881,cbcbcbcb.blogspot.com,1,Blogarama,conservative
882,ccs178.com,1,BlogCatalog,conservative
883,cdharris.net,1,BlogPulse,conservative
884,cecile.squarespace.com,1,Blogarama,conservative
885,celluloid-wisdom.com/pw,1,LabeledManually,conservative
886,celluloid-wisdom.com/pw/,1,LabeledManually,conservative
887,centinel.blogspot.com,1,Blogarama,conservative
888,chadster.capitalfocus.org,1,Blogarama,conservative
889,chainik_hocker.blogspot.com,1,BlogCatalog,conservative
890,charlesking.blogspot.com,1,eTalkingHead,conservative
891,chiefsblog.blogspot.com,1,eTalkingHead,conservative
892,chrenkoff.blogspot.com,1,LabeledManually,conservative
893,christian-patriot.blogspot.com,1,"Blogarama,BlogCatalog",conservative
894,civilcommotion.com,1,eTalkingHead,conservative
895,claycalhoun.com,1,Blogarama,conservative
896,claytoncorner.blogspot.com,1,eTalkingHead,conservative
897,clubforgrowth.org/blog,1,CampaignLine,conservative
898,cmillertime.blogspot.com,1,eTalkingHead,conservative
899,coffee.ondragonswing.com,1,eTalkingHead,conservative
900,commonsenserunswild.typepad.com,1,Blogarama,conservative
901,confederateyankee.blogspot.com,1,"Blogarama,eTalkingHead,CampaignLine",conservative
902,conpro.blogspot.com,1,Blogarama,conservative
903,conservativeblogger.com,1,eTalkingHead,conservative
904,conservativecat.com,1,Blogarama,conservative
905,conservativecitizen.blogspot.com,1,"eTalkingHead,CampaignLine",conservative
906,conservativedhc.blogspot.com,1,Blogarama,conservative
907,conservativedialysis.com,1,BlogCatalog,conservative
908,conservativeeyes.blogspot.com,1,BlogCatalog,conservative
909,conservativelife.com/blog,1,"Blogarama,BlogCatalog,eTalkingHead",conservative
910,conservativenation.us,1,Blogarama,conservative
911,conservativeobserver.blogspot.com,1,eTalkingHead,conservative
912,conservativepolitics.blogspot.com,1,"Blogarama,eTalkingHead",conservative
913,conservativepunk.com,1,eTalkingHead,conservative
914,conservativepush.blogspot.com,1,CampaignLine,conservative
915,conservativeresponse.com,1,Blogarama,conservative
916,conservativerevolution.com,1,LabeledManually,conservative
917,conservativevor.blogdrive.com,1,Blogarama,conservative
918,conservativezone.blogspot.com,1,Blogarama,conservative
919,coxandforkum.com,1,LabeledManually,conservative
920,cptnwinky.com,1,"Blogarama,eTalkingHead",conservative
921,crankybastard.blogspot.com,1,"Blogarama,eTalkingHead",conservative
922,crankyneocon.com/crankyneocon,1,LabeledManually,conservative
923,criticalbill.blogspot.com,1,Blogarama,conservative
924,cruelkev.blogspot.com,1,Blogarama,conservative
925,cubanstories.blogspot.com,1,Blogarama,conservative
926,cybermenace.blogspot.com,1,eTalkingHead,conservative
927,cynicalnation.com,1,Blogarama,conservative
928,cynscorion.com/v-web/b2/index.php,1,BlogCatalog,conservative
929,d-42.com,1,Blogarama,conservative
930,daddypundit.blogspot.com,1,BlogCatalog,conservative
931,dadougster.blogspot.com,1,"Blogarama,BlogCatalog",conservative
932,dailypundit.com,1,LabeledManually,conservative
933,dailyrecycler.com/blog,1,LabeledManually,conservative
934,daisycutter.blogspot.com,1,Blogarama,conservative
935,dalythoughts.com,1,BlogPulse,conservative
936,danieldrezner.com/blog,1,LabeledManually,conservative
937,danzfamily.com,1,BlogCatalog,conservative
938,dartblog.com,1,Blogarama,conservative
939,datingrepublicans.com,1,BlogCatalog,conservative
940,deadcantrant.com/blog,1,Blogarama,conservative
941,deanesmay.com,1,BlogPulse,conservative
942,deansjournal.blogspot.com,1,BlogCatalog,conservative
943,decision08.blogspot.com,1,Blogarama,conservative
944,denbeste.nu,1,LabeledManually,conservative
945,depressedlonelybored.typepad.com,1,Blogarama,conservative
946,deserttusk.blogspot.com,1,"Blogarama,eTalkingHead",conservative
947,devildawg.blogspot.com,1,Blogarama,conservative
948,dgci.blog-city.com,1,Blogarama,conservative
949,dgci.net,1,"BlogCatalog,eTalkingHead",conservative
950,diggersrealm.com/mt,1,LabeledManually,conservative
951,dilusionl.blogspot.com,1,BlogCatalog,conservative
952,diplomadic.blogspot.com,1,Blogarama,conservative
953,discerningtexan.blogspot.com,1,eTalkingHead,conservative
954,discountblogger.com,1,Blogarama,conservative
955,disintegrator.blogspot.com,1,Blogarama,conservative
956,dissectleft.blogspot.com,1,eTalkingHead,conservative
957,dividedloyalties.net,1,Blogarama,conservative
958,dizzy-girl.net/index.php,1,BlogCatalog,conservative
959,dmobley.blogspot.com,1,"Blogarama,BlogCatalog",conservative
960,dogwooddreams.com/serendipity,1,BlogCatalog,conservative
961,donaldsensing.com,1,LabeledManually,conservative
962,downtownlad.blogspot.com,1,BlogCatalog,conservative
963,drudgereport.com,1,LabeledManually,conservative
964,drumwaster.com,1,eTalkingHead,conservative
965,drunkensamurai.blogspot.com,1,Blogarama,conservative
966,dummocrats.com,1,Blogarama,conservative
967,dynamist.com/weblog,1,LabeledManually,conservative
968,economicswithaface.com/weblog,1,BlogCatalog,conservative
969,edmondthehun.blogspot.com,1,BlogCatalog,conservative
970,eeg3.com,1,Blogarama,conservative
971,ejectejecteject.com,1,LabeledManually,conservative
972,electionprojection.com,1,eTalkingHead,conservative
973,electricvenom.com,1,LabeledManually,conservative
974,elevendayempire.com/movabletype,1,eTalkingHead,conservative
975,emilythedog.blogspot.com,1,Blogarama,conservative
976,epubguy.blogs.com/epubguy,1,Blogarama,conservative
977,erickohn.com,1,"Blogarama,eTalkingHead",conservative
978,erikack.blogspot.com,1,BlogCatalog,conservative
979,etalkinghead.com,1,Blogarama,conservative
980,evangelicaloutpost.com,1,eTalkingHead,conservative
981,everythingiknowiswrong.com,1,eTalkingHead,conservative
982,evilpundit.com,1,eTalkingHead,conservative
983,fearfulsymmetry.blogspot.com,1,Blogarama,conservative
984,firstdownpolitics.com,1,"Blogarama,BlogCatalog",conservative
985,flyinspacemonkey.mu.nu,1,BlogCatalog,conservative
986,fooswah.com,1,BlogCatalog,conservative
987,franklog.com,1,Blogarama,conservative
988,fraterslibertas.com,1,LabeledManually,conservative
989,freedomofthought.com,1,eTalkingHead,conservative
990,freerepublic.com,1,LabeledManually,conservative
991,fringeblog.com,1,Blogarama,conservative
992,fritzs-thoughts.blogspot.com,1,Blogarama,conservative
993,gaypatriot.blogspot.com,1,eTalkingHead,conservative
994,gccpundit.blogspot.com,1,eTalkingHead,conservative
995,gcruse.typepad.com,1,Blogarama,conservative
996,georgewbush.com,1,BlogPulse,conservative
997,georgewbush.com/blog,1,CampaignLine,conservative
998,gerberatetra.blogspot.com,1,Blogarama,conservative
999,getdexview.barrennorth.com,1,BlogCatalog,conservative
1000,gevkaffeegal.typepad.com/the_alliance,1,LabeledManually,conservative
1001,ghostofaflea.com,1,LabeledManually,conservative
1002,gillaand.blogspot.com,1,Blogarama,conservative
1003,gindy.blogspot.com,1,Blogarama,conservative
1004,gmscorner.blogspot.com,1,Blogarama,conservative
1005,godubya.com,1,eTalkingHead,conservative
1006,gopandcollege.blogspot.com,1,Blogarama,conservative
1007,gopandthecity.blogspot.com,1,Blogarama,conservative
1008,gopbloggers.org,1,LabeledManually,conservative
1009,gopinsight.com,1,"Blogarama,eTalkingHead,CampaignLine",conservative
1010,gotdesign.blogspot.com,1,Blogarama,conservative
1011,gracefotography.com/graceblog/index.php,1,Blogarama,conservative
1012,grantb88.com,1,BlogCatalog,conservative
1013,greatestjeneration.com,1,eTalkingHead,conservative
1014,grownups.blogspot.com,1,Blogarama,conservative
1015,gullyborg.typepad.com,1,eTalkingHead,conservative
1016,gwbblows.blogspot.com,1,LeftyDirectory,conservative
1017,happyhomeschooler.blog-city.com,1,Blogarama,conservative
1018,hasidicgentile.org,1,BlogCatalog,conservative
1019,hathaby.net/weblog.php,1,Blogarama,conservative
1020,headland.blogspot.com,1,Blogarama,conservative
1021,healingiraq.blogspot.com,1,LabeledManually,conservative
1022,heathenfolk.warblogs.com/blog,1,Blogarama,conservative
1023,heavylifting.blogspot.com,1,Blogarama,conservative
1024,hectorvex.blogspot.com,1,BlogCatalog,conservative
1025,henerd.com,1,Blogarama,conservative
1026,hiddennook.blogspot.com,1,Blogarama,conservative
1027,hijkselur.blogspot.com,1,Blogarama,conservative
1028,hillcountryviews.blogspot.com,1,Blogarama,conservative
1029,hipublican.com,1,eTalkingHead,conservative
1030,hobsonschoice.us,1,Blogarama,conservative
1031,holecard.blogspot.com,1,CampaignLine,conservative
1032,home.earthlink.net/~goodnoughp/index.html,1,BlogCatalog,conservative
1033,home.earthlink.net/~jasider,1,Blogarama,conservative
1034,home.earthlink.net/~techservant,1,Blogarama,conservative
1035,home.earthlink.net/~ur_blog,1,Blogarama,conservative
1036,home.midsouth.rr.com/joefish,1,"Blogarama,eTalkingHead",conservative
1037,homespunbloggers.blogspot.com,1,LabeledManually,conservative
1038,homicidalmaniak.com,1,eTalkingHead,conservative
1039,hoosierparliament.com,1,Blogarama,conservative
1040,horologium.net,1,Blogarama,conservative
1041,hughhewitt.com,1,"Blogarama,LabeledManually",conservative
1042,iamaugustus.blogspot.com,1,Blogarama,conservative
1043,ideastockexchange.com/essays/laubs-mike-interest-politics-web-log.htm,1,Blogarama,conservative
1044,ikilledcheguevara.blogspot.com,1,Blogarama,conservative
1045,imao.us,1,LabeledManually,conservative
1046,imprescindibile.ilcannocchiale.it,1,BlogCatalog,conservative
1047,incite1.blogspot.com,1,"Blogarama,eTalkingHead",conservative
1048,indcjournal.com,1,BlogPulse,conservative
1049,indepundit.com,1,BlogPulse,conservative
1050,inmyrightmind.com,1,Blogarama,conservative
1051,instapundit.com,1,BlogPulse,conservative
1052,interested-participant.blogspot.com,1,LabeledManually,conservative
1053,inthebullpen.com,1,LabeledManually,conservative
1054,iowageek.blogspot.com,1,Blogarama,conservative
1055,iraqthemodel.blogspot.com,1,LabeledManually,conservative
1056,isaacspolitics.blogspot.com,1,Blogarama,conservative
1057,isdl.blogspot.com,1,Blogarama,conservative
1058,isdl.weblogs.us,1,Blogarama,conservative
1059,itsafterglow.blogspot.com,1,Blogarama,conservative
1060,itscomedowntothis.blogspot.com,1,Blogarama,conservative
1061,itznewstome.blogspot.com,1,Blogarama,conservative
1062,jacklewis.net,1,Blogarama,conservative
1063,janegalt.net,1,LabeledManually,conservative
1064,jchristopherfeng.com,1,Blogarama,conservative
1065,jeffblanco.blogdrive.com,1,"Blogarama,BlogCatalog,eTalkingHead",conservative
1066,jenjuskhan.blogspot.com,1,Blogarama,conservative
1067,jewishworldreview.com,1,LabeledManually,conservative
1068,jg-spot.blogspot.com,1,Blogarama,conservative
1069,jihadwatch.org,1,LabeledManually,conservative
1070,jlynnsmith30.blogspot.com,1,BlogCatalog,conservative
1071,joatmoaf.typepad.com/i_love_jet_noise,1,Blogarama,conservative
1072,joepublicus.blogspot.com,1,"Blogarama,BlogCatalog",conservative
1073,johngalt.us,1,Blogarama,conservative
1074,johnkerrymustlose.com,1,LabeledManually,conservative
1075,johnnbrown.blogspot.com,1,Blogarama,conservative
1076,jokerstotheright.blogspot.com,1,Blogarama,conservative
1077,joshferguson.blogspot.com,1,BlogCatalog,conservative
1078,journals.aol.com/lily990016/pissoffliberals,1,"Blogarama,BlogCatalog",conservative
1079,journals.aol.com/mark24609/myblog,1,eTalkingHead,conservative
1080,jperspective.com,1,eTalkingHead,conservative
1081,jquinton.com,1,LabeledManually,conservative
1082,jrogg.blogspot.com,1,eTalkingHead,conservative
1083,juntoboys.blogspot.com,1,"Blogarama,eTalkingHead",conservative
1084,justalkin.us,1,Blogarama,conservative
1085,kalblog.com,1,eTalkingHead,conservative
1086,kausfiles.com,1,LeftyDirectory,conservative
1087,keithy1028.bravejournal.com,1,eTalkingHead,conservative
1088,kellipundit.blogspot.com,1,Blogarama,conservative
1089,kenshepherd.blogspot.com,1,Blogarama,conservative
1090,kevincourser.blogspot.com,1,"BlogCatalog,eTalkingHead",conservative
1091,kimdutoit.com/dr/weblog.php,1,LabeledManually,conservative
1092,king-of-fools.com,1,eTalkingHead,conservative
1093,kitchennetwork.blogspot.com,1,Blogarama,conservative
1094,kushreport.com,1,"Blogarama,BlogCatalog",conservative
1095,la4israel.org/wordpress,1,eTalkingHead,conservative
1096,ladymac.com,1,BlogCatalog,conservative
1097,lahargis.blogspot.com,1,BlogCatalog,conservative
1098,lancehaun.com,1,Blogarama,conservative
1099,larsonreport.com,1,CampaignLine,conservative
1100,lashawnbarber.blogspot.com,1,Blogarama,conservative
1101,lashawnbarber.com,1,"Blogarama,eTalkingHead",conservative
1102,laughatliberals.com,1,Blogarama,conservative
1103,laughingwolf.net,1,eTalkingHead,conservative
1104,lawguy.blogspot.com,1,eTalkingHead,conservative
1105,valuerightnews.blogspot.com,1,"Blogarama,BlogCatalog",conservative
1106,leftcoastconservative.blogspot.com,1,Blogarama,conservative
1107,leftnuts.com/runcms/modules/news,1,BlogCatalog,conservative
1108,legendgames.net/myblog.asp,1,"Blogarama,BlogCatalog",conservative
1109,libertarianjackass.blogspot.com,1,Blogarama,conservative
1110,life.laptoplobbyist.com,1,Blogarama,conservative
1111,literatevalues.org/virtue.htm,1,Blogarama,conservative
1112,littlegreenfootballs.com/weblog,1,LabeledManually,conservative
1113,littlegreenfootballs.com/weblog/weblog.php,1,CampaignLine,conservative
1114,littletinylies.com,1,BlogPulse,conservative
1115,livejournal.com/users/bambenek,1,Blogarama,conservative
1116,livinginbabylon.blogspot.com,1,Blogarama,conservative
1117,lonewacko.com,1,Blogarama,conservative
1118,longdukdong44.blogspot.com,1,Blogarama,conservative
1119,loosecoin.blogspot.com,1,Blogarama,conservative
1120,louisville.edu/~bebusc02/blog/notarobot.html,1,Blogarama,conservative
1121,lt-smash.us,1,LabeledManually,conservative
1122,lucianne.com,1,LabeledManually,conservative
1123,luxeword.com,1,CampaignLine,conservative
1124,madanthony.org,1,Blogarama,conservative
1125,made4theinternet.blogspot.com,1,Blogarama,conservative
1126,madtechspeaks.blogspot.com,1,BlogCatalog,conservative
1127,magnificentfreedom.us,1,Blogarama,conservative
1128,manifestcontent.net,1,Blogarama,conservative
1129,mantic.squarespace.com,1,Blogarama,conservative
1130,mariestwocents.blogspot.com,1,Blogarama,conservative
1131,markheimonen.blogspot.com,1,LeftyDirectory,conservative
1132,markmeador.blogspot.com,1,Blogarama,conservative
1133,marknicodemo.blogspot.com,1,Blogarama,conservative
1134,marksteyn.com,1,LabeledManually,conservative
1135,martinipundit.com,1,Blogarama,conservative
1136,martydee.com/poligov,1,eTalkingHead,conservative
1137,marylandpolitics.blogspot.com,1,BlogCatalog,conservative
1138,masononline.biz,1,Blogarama,conservative
1139,matthewstinson.com/blog,1,Blogarama,conservative
1140,mattresspolice.com,1,Blogarama,conservative
1141,maybeithinktoomuch.com,1,eTalkingHead,conservative
1142,mc256.blogspot.com,1,Blogarama,conservative
1143,mcpheet.com,1,Blogarama,conservative
1144,mdcbowen.org/cobb,1,eTalkingHead,conservative
1145,meckz.net,1,Blogarama,conservative
1146,mementomoron.blogspot.com,1,BlogCatalog,conservative
1147,mercreport.blogspot.com,1,Blogarama,conservative
1148,messopotamian.blogspot.com,1,LabeledManually,conservative
1149,metallicity.com/mb.asp,1,Blogarama,conservative
1150,mhking.mu.nu,1,"BlogPulse,eTalkingHead",conservative
1151,michaelsavagelistener.blog-city.com,1,Blogarama,conservative
1152,michaeltotten.com,1,LabeledManually,conservative
1153,michellemalkin.com,1,BlogPulse,conservative
1154,midwestrightwingers.blogspot.com,1,Blogarama,conservative
1155,mikesamerica.blogspot.com,1,BlogCatalog,conservative
1156,millers_time.typepad.com,1,BlogCatalog,conservative
1157,mindspring.com/~gsb3/blogger.html,1,Blogarama,conservative
1158,mobile.blogcastlive.com,1,Blogarama,conservative
1159,moorewatch.com,1,LabeledManually,conservative
1160,mostlycajun.com,1,BlogCatalog,conservative
1161,motgs.com,1,eTalkingHead,conservative
1162,mtvirtus.blogspot.com,1,Blogarama,conservative
1163,mudandphud.blogspot.com,1,Blogarama,conservative
1164,mudvillegazette.com,1,LabeledManually,conservative
1165,musicfromthebluelight.com/b,1,Blogarama,conservative
1166,mwilliams.info,1,eTalkingHead,conservative
1167,my2cent.blogspot.com,1,Blogarama,conservative
1168,myaisling.blogspot.com,1,Blogarama,conservative
1169,mycatharsis.com,1,Blogarama,conservative
1170,mydamascusroad.blogspot.com,1,Blogarama,conservative
1171,myechochamber.blogspot.com,1,eTalkingHead,conservative
1172,mypetjawa.mu.nu,1,Blogarama,conservative
1173,myworldview034.blogspot.com,1,Blogarama,conservative
1174,nakedrepublic.com,1,CampaignLine,conservative
1175,nashvilletruth.blogspot.com,1,Blogarama,conservative
1176,nationalbird.net,1,Blogarama,conservative
1177,nationalcenter.org/blog.html,1,"BlogCatalog,eTalkingHead",conservative
1178,nationalnewsregister.com/modules/wordpress,1,"Blogarama,BlogCatalog",conservative
1179,nationalreview.com/thecorner,1,LabeledManually,conservative
1180,nationalreview.com/thecorner/corner.asp,1,CampaignLine,conservative
1181,nelslindahl.net,1,Blogarama,conservative
1182,neoconservatives.blogspot.com,1,Blogarama,conservative
1183,neoconswatch.blogspot.com,1,Blogarama,conservative
1184,neonbrainiac.nu/mt/blog,1,BlogCatalog,conservative
1185,nerepublican.blogspot.com,1,"Blogarama,LabeledManually",conservative
1186,neverwrongnever.blogspot.com,1,Blogarama,conservative
1187,newcounterculture.com/log,1,Blogarama,conservative
1188,newsbloggers.blogspot.com,1,BlogCatalog,conservative
1189,newsjungle.blogspot.com,1,Blogarama,conservative
1190,newsnik.com,1,"Blogarama,BlogCatalog,eTalkingHead",conservative
1191,nicedoggie.net,1,eTalkingHead,conservative
1192,nickiegoomba.blogspot.com,1,BlogCatalog,conservative
1193,nicoladellarciprete.blogs.com,1,BlogCatalog,conservative
1194,noguru.tblog.com,1,eTalkingHead,conservative
1195,nomayo.mu.nu,1,LabeledManually,conservative
1196,nonboxthinking.blogspot.com,1,Blogarama,conservative
1197,nykola.com,1,eTalkingHead,conservative
1198,o4tom.blogspot.com,1,BlogCatalog,conservative
1199,officesmileman.com,1,BlogCatalog,conservative
1200,ofthemind.blogspot.com,1,Blogarama,conservative
1201,ogresview.blogspot.com,1,"Blogarama,BlogCatalog",conservative
1202,okieonthelam.com,1,Blogarama,conservative
1203,oldfashionedwhippersnapper.blogspot.com,1,Blogarama,conservative
1204,onthewire.blogspot.com,1,Blogarama,conservative
1205,opiniontimes.blogspot.com,1,Blogarama,conservative
1206,opiniontimes.com,1,Blogarama,conservative
1207,oppb.com,1,CampaignLine,conservative
1208,orthogonian.blogspot.com,1,"Blogarama,eTalkingHead",conservative
1209,outsidethebeltway.com,1,"BlogPulse,eTalkingHead,CampaignLine",conservative
1210,pajamaeditors.blogspot.com,1,LabeledManually,conservative
1211,pajamahadin.com,1,Blogarama,conservative
1212,pajamajournalist.blogspot.com,1,Blogarama,conservative
1213,palominas.blogspot.com,1,Blogarama,conservative
1214,papadoc.net/pinkflamingobar.html,1,eTalkingHead,conservative
1215,pardonmyenglish.com,1,eTalkingHead,conservative
1216,patrickmcclarty.blogspot.com,1,Blogarama,conservative
1217,patrickruffini.com,1,BlogCatalog,conservative
1218,patriot-paradox.com,1,"Blogarama,eTalkingHead",conservative
1219,patriotblog.com,1,"Blogarama,eTalkingHead",conservative
1220,patriotism101.blogspot.com,1,BlogCatalog,conservative
1221,patriotsforbush.com,1,"Blogarama,eTalkingHead",conservative
1222,patterico.com,1,LabeledManually,conservative
1223,pejmanesque.com,1,BlogPulse,conservative
1224,pennsylvanianinexile.blogspot.com,1,Blogarama,conservative
1225,perryvsworld.blogspot.com,1,CampaignLine,conservative
1226,philomathean.blogs.com,1,Blogarama,conservative
1227,piano-tuning.net/blog,1,"Blogarama,eTalkingHead",conservative
1228,planetsuz.blogspot.com,1,BlogCatalog,conservative
1229,poeticvalues.blogspot.com,1,LeftyDirectory,conservative
1230,polialaska.blogspot.com,1,Blogarama,conservative
1231,poliblogger.com,1,BlogPulse,conservative
1232,polipundit.com,1,LabeledManually,conservative
1233,politicalanimals.blogspot.com,1,LeftyDirectory,conservative
1234,politicaldogs.org,1,eTalkingHead,conservative
1235,politicalhyperbole.blogspot.com,1,Blogarama,conservative
1236,politicalmusings.net,1,BlogPulse,conservative
1237,politicalpie.modblog.com,1,Blogarama,conservative
1238,politicaltracker.com,1,Blogarama,conservative
1239,politicaltracker.com/blog/weblog.php,1,eTalkingHead,conservative
1240,politicalvicesquad.blogspot.com,1,LabeledManually,conservative
1241,poorandwhite.blogspot.com,1,"Blogarama,BlogCatalog",conservative
1242,poorjustin.blogspot.com,1,eTalkingHead,conservative
1243,poptext.blogspot.com,1,BlogCatalog,conservative
1244,poweragerambleson.blogspot.com,1,Blogarama,conservative
1245,powerlineblog.com,1,BlogPulse,conservative
1246,powerpundit.com,1,"Blogarama,LabeledManually",conservative
1247,powervacuum.org,1,Blogarama,conservative
1248,prayforbush.blogspot.com,1,Blogarama,conservative
1249,presidentreagan.info/discussion,1,Blogarama,conservative
1250,professorbainbridge.com,1,"BlogPulse,eTalkingHead",conservative
1251,prolifeblogs.com,1,LabeledManually,conservative
1252,propagandamachine.blogspot.com,1,eTalkingHead,conservative
1253,prosandcons.us,1,eTalkingHead,conservative
1254,punditguy.com,1,Blogarama,conservative
1255,punditz.journalspace.com,1,BlogCatalog,conservative
1256,qoae.net,1,LabeledManually,conservative
1257,quante.blogspot.com,1,Blogarama,conservative
1258,quibbles-n-bits.com,1,Blogarama,conservative
1259,quimundus.modblog.com,1,BlogCatalog,conservative
1260,quimundus.squarespace.com,1,"Blogarama,eTalkingHead",conservative
1261,r21online.com,1,Blogarama,conservative
1262,r2korn.blogdrive.com,1,Blogarama,conservative
1263,rabner.blogspot.com,1,BlogCatalog,conservative
1264,radioequalizer.blogspot.com,1,Blogarama,conservative
1265,raincrossblog.com,1,Blogarama,conservative
1266,randomjottings.net,1,eTalkingHead,conservative
1267,rant.st,1,CampaignLine,conservative
1268,ratherbiased.com/news,1,LabeledManually,conservative
1269,rathergate.com,1,LabeledManually,conservative
1270,realclearpolitics.com,1,CampaignLine,conservative
1271,realordeal.blogspot.com,1,BlogCatalog,conservative
1272,rebelrouser.net/v-web/b2/index.php,1,"Blogarama,BlogCatalog",conservative
1273,rebrand-democrat.txfx.net,1,BlogCatalog,conservative
1274,reckersau.blogspot.com,1,"Blogarama,BlogCatalog,eTalkingHead",conservative
1275,redmindbluestate.blogspot.com,1,eTalkingHead,conservative
1276,rednyc.blogspot.com,1,Blogarama,conservative
1277,redstate.org,1,CampaignLine,conservative
1278,redstatealliance.blogspot.com,1,Blogarama,conservative
1279,reggiescorner.blogspot.com,1,BlogCatalog,conservative
1280,regimechangeiran.com,1,BlogCatalog,conservative
1281,renpro.kwcom.net,1,Blogarama,conservative
1282,reporterette.com,1,Blogarama,conservative
1283,republicanpower.blogspot.com,1,Blogarama,conservative
1284,republicanresearchcouncil.blogspot.com,1,CampaignLine,conservative
1285,republitarian.org,1,Blogarama,conservative
1286,republog.net,1,BlogCatalog,conservative
1287,respublica2004.blogspot.com,1,Blogarama,conservative
1288,retiredwarrant.blogdrive.com,1,BlogCatalog,conservative
1289,revone.net/jarhead,1,Blogarama,conservative
1290,rfburnhertz.net/rf_blog,1,Blogarama,conservative
1291,richmar.blogspot.com,1,BlogCatalog,conservative
1292,right-magazine.com/blog,1,BlogCatalog,conservative
1293,right-thinking.com,1,eTalkingHead,conservative
1294,rightcrusade.blogspot.com,1,Blogarama,conservative
1295,rightmoment.blogspot.com,1,Blogarama,conservative
1296,rightonred.net,1,"Blogarama,BlogPulse",conservative
1297,rightperspective.net,1,"Blogarama,eTalkingHead",conservative
1298,rightrainbow.com,1,Blogarama,conservative
1299,rightreadingroom.com/index.php,1,Blogarama,conservative
1300,rightstate.blogspot.com,1,Blogarama,conservative
1301,rightvoices.com,1,CampaignLine,conservative
1302,rightwingbastardo.blogspot.com,1,BlogCatalog,conservative
1303,rightwingbob.com,1,Blogarama,conservative
1304,rightwingdude.squarespace.com,1,Blogarama,conservative
1305,rightwingjournal.blogspot.com,1,BlogCatalog,conservative
1306,rightwingnews.com,1,"BlogPulse,LabeledManually,eTalkingHead",conservative
1307,rightwingthinking.blogspot.com,1,Blogarama,conservative
1308,rightwingtroll.blogspot.com,1,"Blogarama,BlogCatalog",conservative
1309,rightword.blogspot.com,1,"Blogarama,BlogCatalog,eTalkingHead",conservative
1310,riteturnonly.blogspot.com,1,BlogCatalog,conservative
1311,rmcdaniel.blogspot.com,1,Blogarama,conservative
1312,rncnyc2004.blogspot.com,1,"BlogCatalog,eTalkingHead",conservative
1313,robbernard.com,1,Blogarama,conservative
1314,robertp17.blogspot.com,1,BlogCatalog,conservative
1315,rockpaperscissor.blogspot.com,1,Blogarama,conservative
1316,rockpaperscissors.blogs.com,1,BlogCatalog,conservative
1317,rogerlsimon.com,1,"BlogPulse,LeftyDirectory",conservative
1318,romeocat.typepad.com,1,Blogarama,conservative
1319,ron-james.com/blog,1,eTalkingHead,conservative
1320,rosenblog.com,1,Blogarama,conservative
1321,roseoftheknights.com/yank/pride.html,1,eTalkingHead,conservative
1322,roughstock.blogspot.com,1,Blogarama,conservative
1323,ryanshead.com,1,eTalkingHead,conservative
1324,salestaxusa.com,1,Blogarama,conservative
1325,samizdata.net/blog,1,LabeledManually,conservative
1326,sarcasticsoutherner.blogspot.com,1,Blogarama,conservative
1327,sarebabe.blogdrive.com,1,BlogCatalog,conservative
1328,sayanythingblog.com,1,"BlogCatalog,eTalkingHead",conservative
1329,scha-den-freu-de.blogspot.com,1,Blogarama,conservative
1330,scrappleface.com,1,LabeledManually,conservative
1331,scrawlville.com,1,Blogarama,conservative
1332,sebourn.com/weblog,1,BlogCatalog,conservative
1333,section-31.blogspot.com,1,"Blogarama,eTalkingHead",conservative
1334,secureliberty.org/,1,LabeledManually,conservative
1335,sedenteanimo.com,1,Blogarama,conservative
1336,selfish-souls.com/blog,1,Blogarama,conservative
1337,sgtstryker.com,1,LabeledManually,conservative
1338,shadydowns.blogspot.com,1,BlogCatalog,conservative
1339,shakingspears.blogspot.com,1,Blogarama,conservative
1340,shallows.blogspot.com,1,Blogarama,conservative
1341,sharpeblog.cybercatholics.com,1,Blogarama,conservative
1342,shortfatcorporal.blogspot.com,1,Blogarama,conservative
1343,sickofliberals.blogspot.com,1,BlogCatalog,conservative
1344,sinfactor.blogspot.com,1,"Blogarama,BlogCatalog",conservative
1345,sistertoldjah.com,1,Blogarama,conservative
1346,sixmeatbuffet.com,1,LabeledManually,conservative
1347,skinmeister.name,1,BlogCatalog,conservative
1348,slantpoint.com,1,"Blogarama,BlogPulse,BlogCatalog,eTalkingHead",conservative
1349,slingsnarrows.erudite-absurdity.com,1,BlogPulse,conservative
1350,slipofthepen.blogspot.com,1,Blogarama,conservative
1351,slowplay.com,1,Blogarama,conservative
1352,slublog.blogspot.com,1,eTalkingHead,conservative
1353,smarthomeschool.com,1,BlogCatalog,conservative
1354,smashingzero.blogspot.com,1,Blogarama,conservative
1355,smellyduck.blogspot.com,1,Blogarama,conservative
1356,sneakeasysjoint.com,1,eTalkingHead,conservative
1357,sondrak.com,1,BlogPulse,conservative
1358,sonsoftherepublic.com,1,Blogarama,conservative
1359,soundingthetrumpet.blogspot.com,1,Blogarama,conservative
1360,southernappeal.blogspot.com,1,LabeledManually,conservative
1361,southernrightwingextremist.blogspot.com,1,Blogarama,conservative
1362,southernwatch.blogspot.com,1,BlogCatalog,conservative
1363,speculativepolitics.blogspot.com,1,Blogarama,conservative
1364,spreadingunderstanding.blogspot.com,1,Blogarama,conservative
1365,spydrzweb.blogspot.com,1,BlogCatalog,conservative
1366,squiggler.braveblog.com,1,Blogarama,conservative
1367,stan-istan.blogspot.com,1,Blogarama,conservative
1368,stealthebandwagon.blogspot.com,1,Blogarama,conservative
1369,stillmanvalley.org/aoo,1,eTalkingHead,conservative
1370,stinkbait.blogspot.com,1,BlogCatalog,conservative
1371,stix1972.blogspot.com,1,"Blogarama,BlogCatalog",conservative
1372,stmonk.blogspot.com,1,Blogarama,conservative
1373,stolenthunder.blogspot.com,1,LabeledManually,conservative
1374,strategicintelligence.blogspot.com,1,Blogarama,conservative
1375,streetlog.typepad.com,1,Blogarama,conservative
1376,sulliwatch.blogspot.com,1,Blogarama,conservative
1377,summation.net,1,Blogarama,conservative
1378,sweetgrrrl.blogspot.com,1,Blogarama,conservative
1379,swfwithattitude.blogspot.com,1,Blogarama,conservative
1380,swiftreport.blogs.com,1,"Blogarama,BlogCatalog",conservative
1381,tagorda.com,1,BlogPulse,conservative
1382,talesofawanderingmind.blogspot.com,1,Blogarama,conservative
1383,talkshowamerica.blogspot.com,1,"Blogarama,BlogCatalog",conservative
1384,techievampire.net/wppol,1,Blogarama,conservative
1385,techtrend.com/blog/taranicole,1,BlogCatalog,conservative
1386,tedlinczak.com,1,Blogarama,conservative
1387,templeofjennifer.com/blog,1,"Blogarama,BlogCatalog",conservative
1388,tepid-observer.blogspot.com,1,Blogarama,conservative
1389,texasbug.blogspot.com,1,Blogarama,conservative
1390,thatliberalmedia.com,1,CampaignLine,conservative
1391,the-torch.com,1,eTalkingHead,conservative
1392,theamericanmind.com,1,LabeledManually,conservative
1393,thebloghill.blogspot.com,1,BlogCatalog,conservative
1394,thecommonvirtue.com,1,Blogarama,conservative
1395,theconservativezone.com,1,Blogarama,conservative
1396,thecrankfiles.blogspot.com,1,Blogarama,conservative
1397,thedailygoodnews.com,1,BlogCatalog,conservative
1398,thedispatch.blogspot.com,1,Blogarama,conservative
1399,thedonovan.com,1,"Blogarama,eTalkingHead",conservative
1400,thedumbdemocrat.blogspot.com,1,CampaignLine,conservative
1401,theglitteringeye.com,1,LabeledManually,conservative
1402,thejessefactor.blogspot.com,1,eTalkingHead,conservative
1403,thelastword.blogdrive.com,1,Blogarama,conservative
1404,theliberalslies.blogspot.com,1,"BlogCatalog,CampaignLine",conservative
1405,themeofabsence.com,1,CampaignLine,conservative
1406,theneo-progressive.blogspot.com,1,"Blogarama,BlogCatalog",conservative
1407,thenudnikfile.blogspot.com,1,"Blogarama,eTalkingHead",conservative
1408,thepatriette.com,1,"Blogarama,eTalkingHead",conservative
1409,thepaytons.org/essays/considerettes,1,BlogCatalog,conservative
1410,thepoliticalanimal.com,1,BlogCatalog,conservative
1411,thepoliticalteen.net,1,Blogarama,conservative
1412,therightblog.blogspot.com,1,"Blogarama,BlogCatalog",conservative
1413,therightcoast.blogspot.com,1,Blogarama,conservative
1414,therightwingconspiracy.org,1,CampaignLine,conservative
1415,therinsecycle.com,1,eTalkingHead,conservative
1416,therostra.blogspot.com,1,Blogarama,conservative
1417,thesakeofargument.com,1,Blogarama,conservative
1418,thespoonsexperience.com,1,eTalkingHead,conservative
1419,thetarpit.blogspot.com,1,BlogCatalog,conservative
1420,thetemplarpundit.blogspot.com,1,"BlogCatalog,eTalkingHead",conservative
1421,theunderscore.blogspot.com,1,"Blogarama,BlogCatalog",conservative
1422,theurbangrind.blogspot.com,1,"Blogarama,BlogCatalog,CampaignLine",conservative
1423,thevaticanofliberalism.com,1,Blogarama,conservative
1424,thinkingright.blogspot.com,1,Blogarama,conservative
1425,thinkingright.us,1,Blogarama,conservative
1426,thisliberal.com,1,Blogarama,conservative
1427,thomasgalvin.blogspot.com,1,"BlogPulse,eTalkingHead",conservative
1428,thomaswharry.com,1,Blogarama,conservative
1429,timblair.net,1,LabeledManually,conservative
1430,timblair.spleenville.com,1,LabeledManually,conservative
1431,tokenyoungconservative.blogspot.com,1,Blogarama,conservative
1432,tom-hanna.org,1,"Blogarama,BlogCatalog",conservative
1433,toneofvoice.blogspot.com,1,"Blogarama,BlogCatalog",conservative
1434,totels.com/bush04,1,Blogarama,conservative
1435,townhall.com/clog,1,"LabeledManually,CampaignLine",conservative
1436,truebluegal.blogspot.com,1,Blogarama,conservative
1437,truthlaidbear.com,1,"LeftyDirectory,LabeledManually",conservative
1438,truthliesandcommonsense.blogspot.com,1,Blogarama,conservative
1439,truthprobe.blogspot.com,1,eTalkingHead,conservative
1440,tseytlin.blogspot.com,1,Blogarama,conservative
1441,tsrightdominion.blogspot.com,1,Blogarama,conservative
1442,tuckereskew.typepad.com,1,CampaignLine,conservative
1443,tweetpetite.blogspot.com,1,Blogarama,conservative
1444,twentyfirstcenturyrepublican.blogspot.com,1,BlogCatalog,conservative
1445,txfx.net,1,BlogCatalog,conservative
1446,unconventionalwisdom.typepad.com,1,CampaignLine,conservative
1447,undercaffeinated.com,1,Blogarama,conservative
1448,underscorebleach.net/content/jotsheet,1,BlogCatalog,conservative
1449,unfetteredmusings.blogspot.com,1,Blogarama,conservative
1450,unusualhabits.blogspot.com,1,Blogarama,conservative
1451,usdlaw.blogspot.com,1,Blogarama,conservative
1452,vandyconservative.blogspot.com,1,Blogarama,conservative
1453,vapolitics.info,1,Blogarama,conservative
1454,variousorthodoxies.com,1,Blogarama,conservative
1455,victorhanson.com,1,LabeledManually,conservative
1456,viewfromaheight.blogspot.com,1,Blogarama,conservative
1457,viewfromtonka.blogspot.com,1,Blogarama,conservative
1458,viewpointjournal.com,1,Blogarama,conservative
1459,vikingpundit.blogspot.com,1,LabeledManually,conservative
1460,virginiapolitics.blogspot.com,1,Blogarama,conservative
1461,vodkapundit.com,1,eTalkingHead,conservative
1462,voiceofthewebb.blogspot.com,1,"Blogarama,eTalkingHead",conservative
1463,volokh.com,1,LabeledManually,conservative
1464,vondollens.us,1,BlogCatalog,conservative
1465,vote4georgew.blogspot.com,1,Blogarama,conservative
1466,wanderingmind.blog-city.com,1,Blogarama,conservative
1467,warriorscreed.000k3.com,1,"Blogarama,BlogCatalog",conservative
1468,watchandwait.blogspot.com,1,BlogCatalog,conservative
1469,watdanook.blogspot.com,1,Blogarama,conservative
1470,web.utk.edu/~agroves,1,Blogarama,conservative
1471,wehavesomeplanes.blogspot.com,1,BlogCatalog,conservative
1472,whatsakyer.blogspot.com,1,eTalkingHead,conservative
1473,wholewheatblogger.com,1,BlogCatalog,conservative
1474,wildweasel.blog-city.com,1,Blogarama,conservative
1475,williamwebbdotorg.blogspot.com,1,eTalkingHead,conservative
1476,winceandnod.blogspot.com,1,eTalkingHead,conservative
1477,windingroad.typepad.com,1,LeftyDirectory,conservative
1478,windsofchange.net,1,LabeledManually,conservative
1479,wizbangblog.com,1,BlogPulse,conservative
1480,wrighthot.com,1,Blogarama,conservative
1481,writehouse.us,1,BlogCatalog,conservative
1482,writingcompany.blogs.com/this_isnt_writing_its_typ,1,Blogarama,conservative
1483,xanga.com/eugene3,1,BlogCatalog,conservative
1484,xanga.com/lockjawtheogre,1,Blogarama,conservative
1485,xtremerightwing.net,1,Blogarama,conservative
1486,youngconservative.blogspot.com,1,Blogarama,conservative
1487,zebrax.blogs.com,1,BlogCatalog,conservative
1488,zeke01.blogspot.com,1,"Blogarama,BlogCatalog",conservative
1489,zeke01.typepad.com,1,Blogarama,conservative
1490,zeph1z.tripod.com/blog,1,Blogarama,conservative
